-- MySQL dump 10.13  Distrib 5.7.17, for Win64 (x86_64)
--
-- Host: localhost    Database: ptit_shop
-- ------------------------------------------------------
-- Server version	5.7.19-log

/*!40101 SET @OLD_CHARACTER_SET_CLIENT=@@CHARACTER_SET_CLIENT */;
/*!40101 SET @OLD_CHARACTER_SET_RESULTS=@@CHARACTER_SET_RESULTS */;
/*!40101 SET @OLD_COLLATION_CONNECTION=@@COLLATION_CONNECTION */;
/*!40101 SET NAMES utf8 */;
/*!40103 SET @OLD_TIME_ZONE=@@TIME_ZONE */;
/*!40103 SET TIME_ZONE='+00:00' */;
/*!40014 SET @OLD_UNIQUE_CHECKS=@@UNIQUE_CHECKS, UNIQUE_CHECKS=0 */;
/*!40014 SET @OLD_FOREIGN_KEY_CHECKS=@@FOREIGN_KEY_CHECKS, FOREIGN_KEY_CHECKS=0 */;
/*!40101 SET @OLD_SQL_MODE=@@SQL_MODE, SQL_MODE='NO_AUTO_VALUE_ON_ZERO' */;
/*!40111 SET @OLD_SQL_NOTES=@@SQL_NOTES, SQL_NOTES=0 */;

--
-- Table structure for table `account_profiles`
--

DROP TABLE IF EXISTS `account_profiles`;
/*!40101 SET @saved_cs_client     = @@character_set_client */;
/*!40101 SET character_set_client = utf8 */;
CREATE TABLE `account_profiles` (
  `id` int(11) NOT NULL AUTO_INCREMENT,
  `email` varchar(255) COLLATE utf8_unicode_ci DEFAULT NULL,
  `gender` tinyint(5) NOT NULL,
  `biography` text COLLATE utf8_unicode_ci,
  `address` text COLLATE utf8_unicode_ci,
  `phone` varchar(56) COLLATE utf8_unicode_ci DEFAULT NULL,
  PRIMARY KEY (`id`)
) ENGINE=InnoDB AUTO_INCREMENT=12 DEFAULT CHARSET=utf8 COLLATE=utf8_unicode_ci;
/*!40101 SET character_set_client = @saved_cs_client */;

--
-- Dumping data for table `account_profiles`
--

LOCK TABLES `account_profiles` WRITE;
/*!40000 ALTER TABLE `account_profiles` DISABLE KEYS */;
INSERT INTO `account_profiles` VALUES (1,'latamatam@gmail.com',1,'Tôi là Nguyễn Bảo Bằng','Thủ Đức, Hồ Chí Minh','+(84) 96 885 1235'),(2,'bang@gmail.com',1,'bang','aaa','aaa'),(11,'a@gmaiil.com',1,'a','Quận 9, Hồ Chí Minh','01672099835');
/*!40000 ALTER TABLE `account_profiles` ENABLE KEYS */;
UNLOCK TABLES;

--
-- Table structure for table `accounts`
--

DROP TABLE IF EXISTS `accounts`;
/*!40101 SET @saved_cs_client     = @@character_set_client */;
/*!40101 SET character_set_client = utf8 */;
CREATE TABLE `accounts` (
  `id` int(11) NOT NULL AUTO_INCREMENT,
  `user_name` varchar(255) COLLATE utf8_unicode_ci NOT NULL,
  `avatar` varchar(255) COLLATE utf8_unicode_ci NOT NULL,
  `first_name` varchar(150) COLLATE utf8_unicode_ci DEFAULT NULL,
  `last_name` varchar(150) COLLATE utf8_unicode_ci NOT NULL,
  `created_at` datetime NOT NULL,
  `active` tinyint(5) NOT NULL,
  `password_hash` varchar(255) COLLATE utf8_unicode_ci NOT NULL,
  `salt` varchar(100) COLLATE utf8_unicode_ci NOT NULL,
  `role` varchar(100) COLLATE utf8_unicode_ci NOT NULL,
  `account_profile_id` int(11) NOT NULL,
  `status` tinyint(5) NOT NULL,
  PRIMARY KEY (`id`),
  KEY `accouts_ibfk_profiles` (`account_profile_id`),
  CONSTRAINT `accouts_ibfk_profiles` FOREIGN KEY (`account_profile_id`) REFERENCES `account_profiles` (`id`)
) ENGINE=InnoDB AUTO_INCREMENT=12 DEFAULT CHARSET=utf8 COLLATE=utf8_unicode_ci;
/*!40101 SET character_set_client = @saved_cs_client */;

--
-- Dumping data for table `accounts`
--

LOCK TABLES `accounts` WRITE;
/*!40000 ALTER TABLE `accounts` DISABLE KEYS */;
INSERT INTO `accounts` VALUES (1,'admin','/PTiTShop/themes/images/avatar-75.png','Lê Văn','Tâm','2017-08-24 22:01:56',0,'$2a$10$I94zdQPASlAXESnYwmCD8.II.2PiXX2dmqufedaZ5uFJ3Nv93uASK','14111','ROLE_ADMIN',1,1),(2,'admin2','/PTiTShop/themes/images/avatar-75.png','Nguyễn Bảo','Bằng','2017-08-24 22:01:56',0,'$2a$10$IzrbDjLYNIM54TVdLX26Seb/n3eWPmv1wfF5vCMf9CxXdgRpUv.5C','0','ROLE_ADMIN',1,1),(11,'baobang','/PTiTShop/themes/images/avatar-75.png','a','bang','2017-10-26 01:40:28',0,'$2a$10$r.PidYjgSiH04xHysnqG5u3vIfYs.PgP.QobX3WgAHzKO4A/mHBCu','0','ROLE_USER',11,1);
/*!40000 ALTER TABLE `accounts` ENABLE KEYS */;
UNLOCK TABLES;

--
-- Table structure for table `brands`
--

DROP TABLE IF EXISTS `brands`;
/*!40101 SET @saved_cs_client     = @@character_set_client */;
/*!40101 SET character_set_client = utf8 */;
CREATE TABLE `brands` (
  `id` int(11) NOT NULL AUTO_INCREMENT,
  `name` varchar(255) COLLATE utf8_unicode_ci NOT NULL,
  `image` varchar(255) COLLATE utf8_unicode_ci NOT NULL,
  `status` tinyint(5) NOT NULL,
  PRIMARY KEY (`id`)
) ENGINE=InnoDB AUTO_INCREMENT=11 DEFAULT CHARSET=utf8 COLLATE=utf8_unicode_ci;
/*!40101 SET character_set_client = @saved_cs_client */;

--
-- Dumping data for table `brands`
--

LOCK TABLES `brands` WRITE;
/*!40000 ALTER TABLE `brands` DISABLE KEYS */;
INSERT INTO `brands` VALUES (1,'Apple','/PTiTShop/themes/images/brand-apple.png',1),(2,'SAMSUNG','/PTiTShop/themes/images/brand-samsung.png',1),(3,'SONY','/PTiTShop/themes/images/brand-sony.png',1),(4,'HTC','/PTiTShop/themes/images/brand-htc.jpg',1),(5,'OPPO','/PTiTShop/themes/images/brand-oppo.png',1),(6,'ASUS','/PTiTShop/themes/images/brand-asus.png',1),(7,'DELL','/PTiTShop/themes/images/brand-dell.png',1),(8,'HP','/PTiTShop/themes/images/brand-hp.png',1),(9,'LENOVO','/PTiTShop/themes/images/brand-lenovo.png',1),(10,'HUAWEI','/PTiTShop/themes/images/brand-huawei.png',1);
/*!40000 ALTER TABLE `brands` ENABLE KEYS */;
UNLOCK TABLES;

--
-- Table structure for table `categories`
--

DROP TABLE IF EXISTS `categories`;
/*!40101 SET @saved_cs_client     = @@character_set_client */;
/*!40101 SET character_set_client = utf8 */;
CREATE TABLE `categories` (
  `id` int(11) NOT NULL AUTO_INCREMENT,
  `name` varchar(255) COLLATE utf8_unicode_ci NOT NULL,
  `slug` varchar(255) COLLATE utf8_unicode_ci NOT NULL,
  `description` text COLLATE utf8_unicode_ci NOT NULL,
  `position` int(5) NOT NULL,
  `image` varchar(255) COLLATE utf8_unicode_ci DEFAULT NULL,
  `parent_id` int(11) NOT NULL,
  `status` tinyint(5) NOT NULL,
  PRIMARY KEY (`id`)
) ENGINE=InnoDB AUTO_INCREMENT=8 DEFAULT CHARSET=utf8 COLLATE=utf8_unicode_ci;
/*!40101 SET character_set_client = @saved_cs_client */;

--
-- Dumping data for table `categories`
--

LOCK TABLES `categories` WRITE;
/*!40000 ALTER TABLE `categories` DISABLE KEYS */;
INSERT INTO `categories` VALUES (1,'Phone','phone','Các sản phẩm về điện thoại',1,'fa fa-mobile',0,1),(2,'Tablet','tablet','Các sản phẩm về tablet',2,'fa fa-tablet',0,1),(3,'Laptop','laptop','Các sản phẩm về máy tính xách tay',3,'fa fa-laptop',0,1),(4,'Phụ kiện','phu-kien','Các sản phẩm về phụ kiện',4,'fa fa-headphones',0,1),(5,'Phụ kiện điện thoại','phu-kien-dt','Các sản phẩm phụ kiện về điện thoại',1,NULL,4,1),(6,'Phụ kiện Tablet','phu-kien-tablet','Các sản phẩm phụ kiện về điện thoại',2,NULL,4,1),(7,'Phụ kiện Laptop','phu-kien-laptop','Các sản phẩm phụ kiện Laptop',3,NULL,4,1);
/*!40000 ALTER TABLE `categories` ENABLE KEYS */;
UNLOCK TABLES;

--
-- Table structure for table `order_details`
--

DROP TABLE IF EXISTS `order_details`;
/*!40101 SET @saved_cs_client     = @@character_set_client */;
/*!40101 SET character_set_client = utf8 */;
CREATE TABLE `order_details` (
  `id` int(11) NOT NULL AUTO_INCREMENT,
  `product_id` int(11) NOT NULL,
  `order_id` int(11) NOT NULL,
  `quantity` int(11) NOT NULL,
  `price` double NOT NULL,
  `discount` double NOT NULL,
  PRIMARY KEY (`id`),
  KEY `order_details_ibfk_products` (`product_id`),
  KEY `order_details_ibfk_orders` (`order_id`),
  CONSTRAINT `order_details_ibfk_orders` FOREIGN KEY (`order_id`) REFERENCES `orders` (`id`),
  CONSTRAINT `order_details_ibfk_products` FOREIGN KEY (`product_id`) REFERENCES `products` (`id`)
) ENGINE=InnoDB AUTO_INCREMENT=19 DEFAULT CHARSET=utf8 COLLATE=utf8_unicode_ci;
/*!40101 SET character_set_client = @saved_cs_client */;

--
-- Dumping data for table `order_details`
--

LOCK TABLES `order_details` WRITE;
/*!40000 ALTER TABLE `order_details` DISABLE KEYS */;
INSERT INTO `order_details` VALUES (1,5,1,1,6999000,6599000),(2,4,1,1,20999000,20000000),(3,3,1,1,18490000,18000000),(4,10,2,1,33999000,30999000),(5,5,3,1,6999000,6599000),(6,2,3,1,8999000,8899000),(7,3,3,1,18490000,18000000),(8,1,3,1,6999000,6599000),(9,3,4,1,18490000,18000000),(10,5,5,1,6999000,6599000),(11,2,5,1,8999000,8899000),(12,3,5,1,18490000,18000000),(13,13,6,1,17990000,16990000),(14,12,6,1,5990000,5490000),(15,14,7,1,22490000,21490000),(16,12,8,1,5990000,5490000),(17,11,8,1,5990000,5890000),(18,1,8,1,6999000,6599000);
/*!40000 ALTER TABLE `order_details` ENABLE KEYS */;
UNLOCK TABLES;

--
-- Table structure for table `orders`
--

DROP TABLE IF EXISTS `orders`;
/*!40101 SET @saved_cs_client     = @@character_set_client */;
/*!40101 SET character_set_client = utf8 */;
CREATE TABLE `orders` (
  `id` int(11) NOT NULL AUTO_INCREMENT,
  `account_id` int(11) NOT NULL,
  `total` double NOT NULL,
  `address` text COLLATE utf8_unicode_ci NOT NULL,
  `created_at` datetime NOT NULL,
  `status` tinyint(5) NOT NULL,
  PRIMARY KEY (`id`),
  KEY `orders_ibfk_accounts` (`account_id`),
  CONSTRAINT `orders_ibfk_accounts` FOREIGN KEY (`account_id`) REFERENCES `accounts` (`id`)
) ENGINE=InnoDB AUTO_INCREMENT=9 DEFAULT CHARSET=utf8 COLLATE=utf8_unicode_ci;
/*!40101 SET character_set_client = @saved_cs_client */;

--
-- Dumping data for table `orders`
--

LOCK TABLES `orders` WRITE;
/*!40000 ALTER TABLE `orders` DISABLE KEYS */;
INSERT INTO `orders` VALUES (1,1,44599000,'aaa','2017-10-11 15:37:22',-1),(2,1,30999000,'bbbb','2017-10-11 15:40:12',0),(3,1,40097000,'ssss','2017-10-12 11:24:20',1),(4,1,18000000,'Thủ Đức Hố Chí Minh','2017-10-18 16:00:54',1),(5,1,33498000,'Quận 9, Hồ Chí Minh','2017-10-25 22:08:27',0),(6,1,22480000,'aaaaaaaa','2017-10-26 03:50:47',0),(7,1,21490000,'aaaaaaaaa','2017-10-26 03:52:41',0),(8,1,17979000,'aa','2017-10-26 08:23:33',1);
/*!40000 ALTER TABLE `orders` ENABLE KEYS */;
UNLOCK TABLES;

--
-- Table structure for table `posts`
--

DROP TABLE IF EXISTS `posts`;
/*!40101 SET @saved_cs_client     = @@character_set_client */;
/*!40101 SET character_set_client = utf8 */;
CREATE TABLE `posts` (
  `id` int(11) NOT NULL AUTO_INCREMENT,
  `title` varchar(255) COLLATE utf8_unicode_ci NOT NULL,
  `slug` varchar(255) COLLATE utf8_unicode_ci NOT NULL,
  `description` text COLLATE utf8_unicode_ci NOT NULL,
  `content` text COLLATE utf8_unicode_ci NOT NULL,
  `account_id` int(11) NOT NULL,
  `image` varchar(255) COLLATE utf8_unicode_ci NOT NULL,
  `views` int(11) NOT NULL,
  `publish_date` datetime NOT NULL,
  `last_edit` datetime NOT NULL,
  `status` int(5) NOT NULL,
  PRIMARY KEY (`id`),
  KEY `posts_ibfk_accounts` (`account_id`),
  CONSTRAINT `posts_ibfk_accounts` FOREIGN KEY (`account_id`) REFERENCES `accounts` (`id`)
) ENGINE=InnoDB AUTO_INCREMENT=15 DEFAULT CHARSET=utf8 COLLATE=utf8_unicode_ci;
/*!40101 SET character_set_client = @saved_cs_client */;

--
-- Dumping data for table `posts`
--

LOCK TABLES `posts` WRITE;
/*!40000 ALTER TABLE `posts` DISABLE KEYS */;
INSERT INTO `posts` VALUES (1,'Bản iPad Mini 4 này đang giảm giá 1 triệu tại Thế Giới Di Động','ipad-mini-4-128gb-dang-giam-soc-1-trieu-tai-the-gioi-di-dong','Nếu bạn đang muốn mua chiếc iPad Mini 4 128 GB thì đây là cơ hội tốt, chiếc tablet này đang được giảm giá sốc trong chương trình mua online giá rẻ tại hệ thống Thế Giới Di Động.','<h2>Nếu bạn đang muốn mua chiếc&nbsp;<a href=\"https://www.thegioididong.com/may-tinh-bang/ipad-mini-4-wifi-128gb\" target=\"_blank\" title=\"iPad Mini 4 128 GB\">iPad Mini 4 128 GB</a>&nbsp;th&igrave; đ&acirc;y l&agrave; cơ hội tốt, chiếc tablet n&agrave;y đang được giảm gi&aacute; sốc trong chương tr&igrave;nh mua online gi&aacute; rẻ tại hệ thống Thế Giới Di Động.</h2>\r\n\r\n<p>Theo đ&oacute;, iPad Mini 4 Wifi 128 GB sẽ được giảm gi&aacute; từ 10.99 triệu xuống chỉ c&ograve;n 9.99 triệu đồng, tức giảm tới 1 triệu đồng.</p>\r\n\r\n<p>Lưu &yacute;: Chương tr&igrave;nh chỉ &aacute;p dụng với kh&aacute;ch h&agrave;ng đặt mua ONLINE v&agrave; thời gian &aacute;p dụng đến hết ng&agrave;y 31/10/2017, hoặc kết th&uacute;c sớm ngay khi hết h&agrave;ng.</p>\r\n\r\n<p>Trong đ&oacute;, bạn cần nhắn tin (ph&iacute; 5.000đ) để x&aacute;c nhận mua h&agrave;ng, mỗi số điện thoại chỉ được mua 1 sản phẩm v&agrave; kh&ocirc;ng &aacute;p dụng chung với c&aacute;c chương tr&igrave;nh khuyến m&atilde;i kh&aacute;c.</p>\r\n\r\n<p><img alt=\"\" src=\"/PTiTShop/uploads/2017/2017-10-25-21-29-51-ipad-mini-4-1_800x450.jpg\" style=\"height:450px; width:800px\" /></p>\r\n\r\n<p>Về iPad Mini 4 Wifi 128GB, thiết bị c&oacute; m&agrave;n h&igrave;nh rộng 7.9 inch, độ ph&acirc;n giải 1.536 x 2.048 pixel, chip&nbsp;Apple A8 kết hợp với RAM 2 GB. Ngo&agrave;i ra, m&aacute;y c&oacute; camera trước 1.2 MP, camera sau 8 MP, hỗ trợ mở kh&oacute;a bằng v&acirc;n tay v&agrave; pin dung lượng&nbsp;5.124 mAh.</p>\r\n',1,'/PTiTShop/uploads/2017/2017-10-25-21-29-51-ipad-mini-4-1_800x450.jpg',3,'2017-08-26 00:27:50','2017-10-25 21:30:18',1),(2,'Giới trẻ đọc tin tức trên Facebook nhiều hơn xem TV','Gioi-tre-doc-tin-tuc-tren-Facebook-nhieu-hon-xem-TV','Mạng xã hội đã vượt truyền hình để trở thành nguồn cung cấp tin tức chính cho thanh thiếu niên, đặc biệt trong thời đại smartphone.','<p>Khảo s&aacute;t được thực hiện với nh&oacute;m 18 đến 24 tuổi, trong đ&oacute; 28% người tham gia n&oacute;i rằng mạng x&atilde; hội l&agrave; nguồn tin ch&iacute;nh của họ, c&ograve;n TV chiếm 24%.&nbsp;Viện Nghi&ecirc;n cứu B&aacute;o ch&iacute; Reuters cũng cho hay,&nbsp;51% những người thường xuy&ecirc;n online sử dụng mạng x&atilde; hội như một nguồn cung cấp tin tức.</p>\r\n\r\n<p><img alt=\"\" src=\"http://img.f5.sohoa.vnecdn.net/2016/06/16/facebook-newsfeed1-ss-1920-800-8566-7561-1466061704.jpg\" style=\"height:305px; width:500px\" /></p>\r\n\r\n<p>Kết quả được&nbsp;YouGov khảo s&aacute;t tr&ecirc;n 50.000 người tại khắp 26 quốc gia. B&aacute;o c&aacute;o cho rằng, xu hướng đọc tin tr&ecirc;n mạng x&atilde; hội c&ugrave;ng với việc ng&agrave;y c&agrave;ng nhiều người xem th&ocirc;ng tin tr&ecirc;n điện thoại di động đang ph&aacute; vỡ m&ocirc; h&igrave;nh kinh doanh truyền thống. &quot;N&oacute; tạo ra những hậu quả s&acirc;u sắc đối với c&aacute;c nh&agrave; xuất bản v&agrave; tương lai của ng&agrave;nh sản xuất tin tức&quot;, b&aacute;o c&aacute;o cho biết.</p>\r\n\r\n<p>C&aacute;c tổ chức truyền th&ocirc;ng đang phải vật lộn để t&igrave;m kiếm lợi nhuận trong kỷ nguy&ecirc;n online. Dưới 10% độc giả ở c&aacute;c nước n&oacute;i tiếng Anh đ&atilde; trả tiền để đọc tin tức trực tuyến trong năm qua, do đ&oacute; quảng c&aacute;o vẫn l&agrave; m&ocirc; h&igrave;nh kinh doanh bền vững. Tuy nhi&ecirc;n, sự ph&aacute;t triển của c&aacute;c phần mềm chặn quảng c&aacute;o (ad-blocker) đ&atilde; đe dọa nguồn thu n&agrave;y.</p>\r\n\r\n<p>Trong khi đ&oacute;, nền tảng truyền th&ocirc;ng mạng x&atilde; hội ng&agrave;y c&agrave;ng lớn mạnh v&agrave; Facebook trở th&agrave;nh thế lực vai vế nhất trong ng&agrave;nh tin tức to&agrave;n cầu. Mạng x&atilde; hội hơn 1,6 tỷ người d&ugrave;ng c&oacute; khả năng đưa c&aacute;c nh&agrave; xuất bản tiếp cận với lượng độc giả khổng lồ, nhưng điều n&agrave;y đang được Facebook &quot;thả nổi&quot; th&ocirc;ng qua thuật to&aacute;n của m&igrave;nh.</p>\r\n\r\n<p>44% người khảo s&aacute;t n&oacute;i Facebook l&agrave; k&ecirc;nh để xem, chia sẻ v&agrave; b&igrave;nh luận về tin tức, tiếp đến l&agrave; YouTube với 19% v&agrave; Twitter chiếm 10%.</p>\r\n',1,'http://img.f5.sohoa.vnecdn.net/2016/06/16/facebook-newsfeed1-ss-1920-800-8566-7561-1466061704.jpg',2,'2017-08-26 00:28:46','2017-10-25 22:04:52',1),(3,'Hệ thống chống virus trên CH Play không an toàn như bạn nghĩ','he-thong-chong-virus-tren-ch-play-khong-an-toan-nhu-ban-nghi','Google Play Protect là hệ thống an ninh chạy ngầm và chạy liên tục bên trong mỗi máy Android. Và nó có chức năng tìm, phát hiện những ứng dụng có hành vi lạ nhằm cô lập kịp thời và giữ cho máy luôn ở trạng thái an toàn nhất, không bị tấn công.Lorem Ipsum is simply dummy text of the printing and typesetting industry. Lorem Ipsum has been the industry\'s standard dummy text ever since the 1500s, when an unknown printer took a galley of type and scrambled it to make a type specimen book. It has survived not only five centuries','<h2>Google Play Protect l&agrave; hệ thống an ninh chạy ngầm v&agrave; chạy li&ecirc;n tục b&ecirc;n trong mỗi m&aacute;y Android. V&agrave; n&oacute; c&oacute; chức năng t&igrave;m, ph&aacute;t hiện những ứng dụng c&oacute; h&agrave;nh vi lạ nhằm c&ocirc; lập kịp thời v&agrave; giữ cho m&aacute;y lu&ocirc;n ở trạng th&aacute;i an to&agrave;n nhất, kh&ocirc;ng bị tấn c&ocirc;ng.</h2>\r\n\r\n<p>Tuy nhi&ecirc;n, trong b&agrave;i kiểm tra phần mềm gần đ&acirc;y nhất, AV-TEST - Tổ chức bảo mật C&ocirc;ng nghệ Th&ocirc;ng tin độc lập uy t&iacute;n, khẳng định&nbsp;Google Play Protect&nbsp;kh&ocirc;ng thực sự an to&agrave;n như bạn nghĩ,&nbsp;thậm ch&iacute; c&ograve;n kh&ocirc;ng đ&aacute;ng tin cậy bằng những phần mềm kh&aacute;c của b&ecirc;n thứ ba.</p>\r\n\r\n<p>Cụ thể hơn,&nbsp;AV-TEST cho rằng khả năng ph&aacute;t hiện những ứng dụng bị nhiễm virus của Play Protect thấp hơn 25% so với c&aacute;c hệ thống kh&aacute;c, v&agrave; được xếp hạng ch&oacute;t trong danh s&aacute;ch 21 ứng dụng bảo mật m&agrave; AV-TEST đ&atilde; tiến h&agrave;nh thử nghiệm.</p>\r\n\r\n<p>Play Protect chỉ c&oacute; thể ph&aacute;t hiện được khoảng 65% c&aacute;c ứng dụng nhiễm virus, thấp hơn rất nhiều so với ứng dụng đứng ở vị tr&iacute; &aacute;p ch&oacute;t l&agrave; Droid-X 3 của NSHC với 82%.</p>\r\n\r\n<p><img alt=\"\" src=\"/PTiTShop/uploads/2017/2017-10-25-21-32-17-google-play-protect-settings_800x450.jpg\" style=\"height:450px; width:800px\" /></p>\r\n\r\n<p>Đ&acirc;y l&agrave; lần đầu ti&ecirc;n AV-TEST quyết định đưa Play Protect v&agrave;o b&agrave;i kiểm tra của m&igrave;nh sau khi Google ch&iacute;nh thức ra mắt hệ thống n&agrave;y v&agrave;o th&aacute;ng 7 vừa qua.</p>\r\n\r\n<p>C&ocirc;ng ty của Đức cho biết: &quot;Ch&uacute;ng t&ocirc;i lu&ocirc;n thử nghiệm những phi&ecirc;n bản mới nhất của c&aacute;c hệ thống diệt virus tr&ecirc;n thế giới. To&agrave;n bộ c&aacute;c ứng dụng m&agrave; ch&uacute;ng t&ocirc;i kiểm tra đều được ph&eacute;p cập nhật v&agrave; truy cập dịch vụ đ&aacute;m m&acirc;y bất cứ khi n&agrave;o.</p>\r\n\r\n<p>Ch&uacute;ng t&ocirc;i tập trung v&agrave;o t&iacute;nh năng ph&aacute;t hiện malware cũng như khả năng sử dụng của c&aacute;c ứng dụng đ&oacute;, bao gồm cả hiệu năng v&agrave; lỗi sai x&aacute;c thực (false positive). Để nhận được đ&aacute;nh gi&aacute; cao, c&aacute;c hệ thống n&agrave;y cần chứng minh được khả năng tận dụng to&agrave;n bộ th&agrave;nh phần v&agrave; lớp bảo vệ của m&igrave;nh&quot;.</p>\r\n\r\n<p>Về ph&iacute;a Google, h&atilde;ng từng tuy&ecirc;n bố họ đ&atilde; lọc hơn 25.000 ứng dụng nhiễm virus từ hồi th&aacute;ng 1/2017, nhưng AV-TEST tiết lộ mỗi giờ vẫn c&oacute; đến 350 ứng dụng Android độc hại mới xuất hiện tr&ecirc;n Play Store.</p>\r\n',1,'/PTiTShop/uploads/2017/2017-10-25-21-32-17-google-play-protect-settings_800x450.jpg',3,'2017-08-26 21:27:50','2017-10-25 21:32:41',1),(4,'6 điều mong đợi tại WWDC 2016 đêm nay','6-dieu-mong-doi-tai-WWDC-2016-dem-nay','Phiên bản mới của iOS, Apple Music, Mac OS X… với nhiều cải tiến sẽ là những điều được chờ đợi nhất tại Hội nghị các nhà phát triển toàn cầu (WWDC 2016) của Apple từ đêm nay đến 17/6.','<p>WWDC l&agrave; một trong những sự kiện lớn nhất trong năm của Apple, kh&ocirc;ng k&eacute;m so với việc ra mắt iPhone hay iPad. Cũng như mọi năm, h&atilde;ng c&ocirc;ng nghệ c&oacute; trụ sở tại Cupertino (Mỹ) sẽ d&agrave;nh khoảng 2 giờ cho b&agrave;i ph&aacute;t biểu khai mạc, trong đ&oacute; giới thiệu những t&iacute;nh năng mới cho c&aacute;c nh&agrave; ph&aacute;t triển ứng dụng tr&ecirc;n nền tảng của m&igrave;nh.</p>\r\n\r\n<p>Năm nay, Apple c&oacute; thể chỉ tập trung v&agrave;o phần mềm, v&agrave; dưới đ&acirc;y l&agrave; 6 điều được mong đợi sẽ c&ocirc;ng bố nhất:</p>\r\n\r\n<p><img alt=\"Apple vẫn sẽ tập trung vào phần mềm tại WWDC 2016.\" src=\"http://img.f5.sohoa.vnecdn.net/2016/06/13/apple-4311-1465794336.png\" style=\"height:333px; width:500px\" /></p>\r\n\r\n<p>WWDC l&agrave; một trong những sự kiện lớn nhất trong năm của Apple, kh&ocirc;ng k&eacute;m so với việc ra mắt iPhone hay iPad. Cũng như mọi năm, h&atilde;ng c&ocirc;ng nghệ c&oacute; trụ sở tại Cupertino (Mỹ) sẽ d&agrave;nh khoảng 2 giờ cho b&agrave;i ph&aacute;t biểu khai mạc, trong đ&oacute; giới thiệu những t&iacute;nh năng mới cho c&aacute;c nh&agrave; ph&aacute;t triển ứng dụng tr&ecirc;n nền tảng của m&igrave;nh.</p>\r\n\r\n<p>Năm nay, Apple c&oacute; thể chỉ tập trung v&agrave;o phần mềm, v&agrave; dưới đ&acirc;y l&agrave; 6 điều được mong đợi sẽ c&ocirc;ng bố nhất:</p>\r\n\r\n<p><strong>iOS 10</strong></p>\r\n\r\n<p>Năm 2013, iOS 7 đ&atilde; &ldquo;lột x&aacute;c&rdquo; để c&oacute; giao diện phẳng hơn, nhưng kể từ đ&oacute;, Apple tiếp tục l&agrave;m việc để tối ưu b&ecirc;n trong thay v&igrave; tiếp tục thay đổi vẻ bề ngo&agrave;i. Ở tr&ecirc;n iOS 10, khả năng sẽ kh&ocirc;ng c&oacute; nhiều đột ph&aacute; về giao diện, ngoại trừ việc một số biểu tượng ứng dụng được thiết kế lại mang t&iacute;nh thẩm mỹ hơn.</p>\r\n\r\n<p>Thay v&agrave;o đ&oacute;, hệ điều h&agrave;nh của iPhone, iPad sẽ cung cấp khả năng cho ph&eacute;p người d&ugrave;ng x&oacute;a bỏ c&aacute;c ứng dụng c&agrave;i sẵn kh&ocirc;ng cần thiết, v&iacute; dụ chứng kho&aacute;n, Apple Pay - vốn kh&ocirc;ng ph&ugrave; hợp với nhiều đối tượng sử dụng. B&ecirc;n cạnh đ&oacute;, Apple sẽ bổ sung khả năng tương th&iacute;ch với HomeKit để quản l&yacute; nh&agrave; th&ocirc;ng minh, tương t&aacute;c s&acirc;u hơn với Mac OS X, tăng cường khả năng đa nhiệm, AD Touch tốt hơn, Apple Photos th&ecirc;m t&iacute;nh năng chỉnh sửa h&igrave;nh ảnh mới&hellip;</p>\r\n\r\n<p><strong>Apple Music</strong></p>\r\n\r\n<p>Tại sự kiện, chắc chắn Apple sẽ đề cập đến bao nhi&ecirc;u b&agrave;i h&aacute;t đ&atilde; được nghe, người d&ugrave;ng đ&atilde; trả bao nhi&ecirc;u tiền cho dịch vụ của h&atilde;ng, c&aacute;c nghệ sĩ đ&atilde; nhận bao nhi&ecirc;u tiền trong 12 th&aacute;ng qua&hellip; Nhưng quan trọng hơn, h&atilde;ng sẽ c&ocirc;ng bố c&aacute;c t&iacute;nh năng mới, gồm giao diện trực quan đơn giản hơn, nhiều nội dung trực tuyến hơn, mở rộng dịch vụ radio (theo<em>Bloomberg</em>) v&agrave; đ&aacute;ng tin cậy hơn (theo&nbsp;<em>9to5mac</em>).</p>\r\n\r\n<p>Cũng theo c&aacute;c nguồn tin, giao diện Apple Music mới sẽ chỉ c&ograve;n 2 m&agrave;u chủ đạo l&agrave; đen v&agrave; trắng. Về t&iacute;nh năng, Apple sẽ thiết kế lại For You nhằm gi&uacute;p quản l&yacute; v&agrave; c&aacute; nh&acirc;n h&oacute;a nội dung tốt hơn, hay tab Browse sẽ thay thế tab New, lời b&agrave;i h&aacute;t được th&ecirc;m v&agrave;o c&oacute; thể đồng bộ ngay với giai điệu bản nhạc&hellip; Ngo&agrave;i ra, t&iacute;nh năng Connect (cho ph&eacute;p người h&acirc;m mộ kết nối với c&aacute;c nghệ sĩ y&ecirc;u th&iacute;ch, chia sẻ b&agrave;i nhạc đang nghe l&ecirc;n mạng x&atilde; hội) sẽ bị gỡ bỏ do kh&ocirc;ng được đ&aacute;nh gi&aacute; cao.</p>\r\n\r\n<p><strong>Mac OS X</strong></p>\r\n\r\n<p>Phi&ecirc;n bản tiếp theo của hệ điều h&agrave;nh m&aacute;y t&iacute;nh Mac OS X c&oacute; thể c&oacute; t&ecirc;n mới l&agrave; MacOS. C&aacute;ch viết n&agrave;y được&nbsp;<em>IBTimes&nbsp;</em>giải th&iacute;ch l&agrave; &ldquo;nhằm đồng bộ với phong c&aacute;ch đặt t&ecirc;n của Apple, như iOS, watchOS, tvOS&rdquo;. Ngo&agrave;i thay đổi t&ecirc;n gọi, nền tảng n&agrave;y sẽ t&iacute;ch hợp nhiều t&iacute;nh năng mới, như đưa v&agrave;o trợ l&yacute; ảo Siri, l&agrave;m mới ứng dụng Photos, tinh chỉnh Finder&hellip;</p>\r\n\r\n<p><strong>Trợ l&yacute; ảo Siri</strong></p>\r\n\r\n<p>C&ugrave;ng với việc xuất hiện tr&ecirc;n m&aacute;y t&iacute;nh, trợ l&yacute; giọng n&oacute;i của Apple được kỳ vọng sẽ tăng số lượng người d&ugrave;ng. So với iPhone, iPad, Siri tr&ecirc;n Mac sẽ được sử dụng nhiều hơn do sự thuận tiện v&agrave; đặc biệt l&agrave; kh&ocirc;ng bị giới hạn bởi thời gian sử dụng pin. Trước đ&acirc;y, trợ l&yacute; ảo của Apple bị người d&ugrave;ng ph&agrave;n n&agrave;n v&igrave; &quot;ngốn&quot; pin v&agrave; đa phần họ v&ocirc; hiệu h&oacute;a t&iacute;nh năng n&agrave;y.</p>\r\n\r\n<p>Ngo&agrave;i ra, tại WWDC 2016, Apple c&oacute; thể cho ph&eacute;p c&aacute;c nh&agrave; ph&aacute;t triển b&ecirc;n thứ ba t&aacute;c động. Như vậy, trợ l&yacute; ảo mới sẽ được bổ sung th&ecirc;m nhiều t&iacute;nh năng mới m&agrave; trước đ&acirc;y chưa c&oacute;.</p>\r\n\r\n<p><strong>watchOS</strong></p>\r\n\r\n<p>Apple nhiều khả năng sẽ kh&ocirc;ng c&ocirc;ng bố Watch thế hệ tiếp theo trong sự kiện, nhưng phi&ecirc;n bản hiện tại sẽ nhận cập nhật mới. Mặc d&ugrave; chưa c&oacute; th&ocirc;ng tin n&agrave;o ch&iacute;nh thức về t&iacute;nh năng mới, nhưng nền tảng n&agrave;y sẽ được tinh chỉnh giao diện, trong đ&oacute; sẽ thiết kế lại h&igrave;nh ảnh nhỏ hơn. Ngo&agrave;i ra, Apple c&oacute; thể cho ph&eacute;p nh&agrave; ph&aacute;t triển tạo ra c&aacute;c mặt đồng hồ mới, thay v&igrave; những mẫu c&oacute; sẵn bị đ&aacute;nh gi&aacute; l&agrave; &quot;buồn tẻ&quot; như hiện tại.</p>\r\n\r\n<p><strong>iMessages cho Android</strong></p>\r\n\r\n<p>Theo&nbsp;<em>MacDailyNews</em>, ứng dụng nhắn tin vốn chỉ độc quyền tr&ecirc;n iPhone, iPad v&agrave; Mac c&oacute; thể sẽ được chia sẻ cho người d&ugrave;ng Android v&agrave; được giới thiệu ngay tại WWDC 2016. Nếu th&ocirc;ng tin l&agrave; thật, đ&acirc;y được xem l&agrave; quyết định kh&aacute; bất ngờ của Apple, nhưng sẽ khiến c&aacute;c &quot;t&iacute;n đồ&quot; Android phấn kh&iacute;ch bởi iMessages đ&atilde; qu&aacute; nổi tiếng với rất nhiều t&iacute;nh năng hay so với c&aacute;c sản phẩm tương tự kh&aacute;c đang c&oacute; mặt tr&ecirc;n thị trường.</p>\r\n',1,'http://img.f5.sohoa.vnecdn.net/2016/06/13/apple-4311-1465794336.png',5,'2017-08-26 21:28:28','2017-08-26 21:28:30',0),(5,'Doanh số khủng, \"Ngôi vương\" đang chờ... Huawei','ngoi-vuong-dang-cho-huawei-nho-vao-doanh-so-khung','Huawei liên tục nằm trong top 3 nhà sản xuất smartphone lớn nhất thế giới. Một bước ngoặt lớn trong tháng 9 này của hãng là cán mốc 100 triệu smartphone bán ra và chính thức vượt mặt Apple.','<h2><a href=\"https://www.thegioididong.com/tin-tuc/tim-kiem?key=Huawei\" target=\"_blank\" title=\"Huawei\" type=\"Huawei\">Huawei</a>&nbsp;li&ecirc;n tục nằm trong top 3 nh&agrave; sản xuất smartphone lớn nhất thế giới. Một bước ngoặt lớn trong th&aacute;ng 9 n&agrave;y của h&atilde;ng l&agrave; c&aacute;n mốc 100 triệu smartphone b&aacute;n ra v&agrave; ch&iacute;nh thức vượt mặt Apple.</h2>\r\n\r\n<p>Chỉ sau 9 th&aacute;ng, Huawei đ&atilde; vượt qua cột mốc m&agrave; bất kỳ h&atilde;ng smartphone n&agrave;o cũng mơ tới, 100 triệu đơn h&agrave;ng b&aacute;n ra tr&ecirc;n to&agrave;n cầu, tăng trưởng 19% so với c&ugrave;ng kỳ năm trước, v&agrave; Apple đ&atilde; phải nhường lại vị tr&iacute; thứ 2 cho Huawei.</p>\r\n\r\n<p><img alt=\"\" src=\"/PTiTShop/uploads/2017/2017-10-25-21-37-33-huawei-mate-10-pro-21_970x647-800-resize.jpg\" style=\"height:534px; width:800px\" /></p>\r\n\r\n<p>Huawei vẫn c&ograve;n qu&yacute; t&agrave;i ch&iacute;nh cuối c&ugrave;ng trong năm 2017 để ho&agrave;n th&agrave;nh mục ti&ecirc;u, ph&aacute; kỉ lục 140 triệu thiết bị b&aacute;n ra v&agrave;o năm 2016. V&agrave; 42.300 đối t&aacute;c b&aacute;n lẻ tr&ecirc;n to&agrave;n cầu sẽ gi&uacute;p Huawei ho&agrave;n th&agrave;nh sớm ước mơ n&agrave;y.</p>\r\n\r\n<p>Mới đ&acirc;y, gi&aacute;m đốc điều h&agrave;nh Huawei l&agrave; Richard Yu cũng đ&atilde; khẳng định &quot;ch&uacute;ng t&ocirc;i sẽ vượt qua r&agrave;o cản Apple v&agrave; Samsung để d&agrave;nh vị tr&iacute; đầu ti&ecirc;n, đ&oacute; l&agrave; số phận v&agrave; kh&ocirc;ng ai c&oacute; thể ngăn cản được&quot;.</p>\r\n',1,'/PTiTShop/uploads/2017/2017-10-25-21-37-33-huawei-mate-10-pro-21_970x647-800-resize.jpg',8,'2017-08-26 21:29:05','2017-10-25 21:37:51',1),(6,'Để lớn mạnh như hôm nay, Facebook phải biết ơn Microsoft rất nhiều!','11111111111','Facebook và Microsoft đã có mối quan hệ thân mật với nhau trong nhiều năm. Mặc dù, cả hai công ty này đều cạnh tranh với nhau trong lĩnh vực công nghệ nhưng dường như họ không đố kị và ganh đua với đối thủ của mình.','<h2>Facebook v&agrave;&nbsp;<a href=\"https://www.thegioididong.com/dtdd-nokia\" title=\"mua điện thoại tại thegioididong.com\" type=\"https://www.thegioididong.com/dtdd-nokia\">Microsoft</a>&nbsp;đ&atilde; c&oacute; mối quan hệ th&acirc;n mật với nhau trong nhiều năm. Mặc d&ugrave;, cả hai c&ocirc;ng ty n&agrave;y đều cạnh tranh với nhau trong lĩnh vực c&ocirc;ng nghệ nhưng dường như họ kh&ocirc;ng đố kị v&agrave; ganh đua với đối thủ của m&igrave;nh.</h2>\r\n\r\n<p>Hơn nữa, 2 người khổng lồ n&agrave;y c&ograve;n l&agrave; hai mảnh gh&eacute;p khi họ lu&ocirc;n bổ sung cho nhau những l&uacute;c cần thiết trong c&ocirc;ng việc. V&iacute; dụ, hiện Windows 10 đ&atilde; c&oacute; ứng dụng Instagram d&agrave;nh ri&ecirc;ng cho PC, c&ugrave;ng với c&aacute;c app quen thuộc như Facebook v&agrave; Messenger mới được bổ sung gần đ&acirc;y.</p>\r\n\r\n<p>Tất nhi&ecirc;n, Facebook cũng đang sử dụng c&aacute;c giải ph&aacute;p của Microsoft cho nhu cầu sản phẩm của m&igrave;nh.</p>\r\n\r\n<p><img alt=\"\" src=\"/PTiTShop/uploads/2017/2017-10-25-21-38-13-10_800x450.png\" style=\"height:450px; width:800px\" /></p>\r\n\r\n<p>R&otilde; r&agrave;ng, mối quan hệ kinh doanh của họ được x&acirc;y dựng trong nhiều năm từ ch&iacute;nh sự gi&uacute;p đỡ rất l&acirc;u, cụ thể l&agrave; khoản đầu tư m&agrave; Microsoft đ&atilde; r&oacute;t v&agrave;o Facebook. Ch&iacute;nh điều đ&oacute; đ&atilde; gi&uacute;p trang web truyền th&ocirc;ng n&agrave;y vượt qua những kh&oacute; khăn thuở ban đầu.</p>\r\n\r\n<p>Được biết, con số m&agrave; Microsoft đ&atilde; đầu tư v&agrave;o Facebook l&ecirc;n đến 240 triệu USD v&agrave; chiếm 1.6% cổ phần. Sau 10 năm, Facebook c&oacute; số t&agrave;i sản ngang bằng với những &ocirc;ng lớn giới c&ocirc;ng nghệ l&agrave; 508 tỷ USD.</p>\r\n\r\n<p>Thật ra trước đ&oacute; đ&atilde; c&oacute; nhiều người mỉa mai sự gi&uacute;p sức của Microsoft v&igrave; trong lịch sử đ&atilde; c&oacute; nhiều trang mạng x&atilde; hội kh&aacute;c thất bại. Việc đầu tư v&agrave;o Facebook của CEO Microsoft, l&agrave; v&ocirc; nghĩa v&agrave; qu&aacute; mạo hiểm.</p>\r\n\r\n<p>Nhưng bằng c&aacute;ch n&agrave;o đ&oacute;, Microsoft đ&atilde; thanh l&yacute; được số cổ phiếu của Facebook v&agrave; đầu tư trực tiếp hay để d&agrave;nh cho chi ti&ecirc;u,&hellip;Ch&iacute;nh thời điểm ấy Microsoft cũng đang gặp kh&oacute; khăn với thương hiệu của m&igrave;nh</p>\r\n\r\n<p>N&oacute;i chung, c&aacute;ch thức m&agrave; họ ti&ecirc;u thụ số cổ phiếu đ&oacute; như thế n&agrave;o kh&ocirc;ng quan trọng, điều được mọi người ch&uacute; &yacute; l&agrave; nhờ c&oacute; sự đầu tư của Microsoft m&agrave; trang mạng x&atilde; hội lớn nhất b&acirc;y giờ c&oacute; một bước đệm rất tốt cho tương lai v&agrave; cũng mang lại nhiều lợi &iacute;ch cho Microsoft.</p>\r\n\r\n<p>Hiện tại, g&atilde; khổng lồ xứ Redmond đang nắm giữ 132 tỷ USD tiền mặt v&agrave; hai năm gần nhất th&igrave; cổ phiếu của họ cũng đang c&oacute; chiều hướng tốt hơn. V&agrave; c&ocirc;ng ty hiện đang tiếp tục đ&aacute;nh cược với những dự &aacute;n hao tiền - tốn của như Surface, Bing, HoloLens v&agrave; Azure.</p>\r\n',1,'/PTiTShop/uploads/2017/2017-10-25-21-38-13-10_800x450.png',8,'2017-09-15 13:14:29','2017-10-25 21:38:58',1),(7,'Bộ 3 smartphone tầm trung gây sốt cộng đồng công nghệ quý 4/2017','Bo-3-smartphone-tam-trung-gay-sot-cong-dong-cong-nghe-quy-4/2017','Hiện smartphone sở hữu màn hình tràn viền (FullView) kết hợp với camera kép không chỉ được ưu ái trang bị trên dòng cao cấp, mà phân khúc tầm trung hoặc cận trung cấp vẫn được tích hợp. 3 model bên dưới chính là ví dụ điển hình nhất.','<h2>Hiện&nbsp;<a href=\"https://www.thegioididong.com/dtdd\" target=\"_blank\" title=\"Đặt mua smartphone tại Thegioididong.com\" type=\"Đặt mua smartphone tại Thegioididong.com\">smartphone</a>&nbsp;sở hữu m&agrave;n h&igrave;nh tr&agrave;n viền (FullView) kết hợp với camera k&eacute;p kh&ocirc;ng chỉ được ưu &aacute;i trang bị tr&ecirc;n d&ograve;ng cao cấp, m&agrave; ph&acirc;n kh&uacute;c tầm trung hoặc cận trung cấp vẫn được t&iacute;ch hợp. 3 model b&ecirc;n dưới ch&iacute;nh l&agrave; v&iacute; dụ điển h&igrave;nh nhất.</h2>\r\n\r\n<h3><strong>1. Huawei Nova 2i (Gi&aacute; tham khảo:&nbsp;5.990.000 đồng)</strong></h3>\r\n\r\n<p><strong><img alt=\"\" src=\"/PTiTShop/uploads/2017/2017-10-25-21-40-31-huawei-nova-2i_614x347.gif\" style=\"height:347px; width:614px\" /></strong></p>\r\n\r\n<p>Đặc điểm nổi bật:</p>\r\n\r\n<ul>\r\n	<li>4 camera: Trước&nbsp;13 MP v&agrave; 2 MP, sau&nbsp;16 MP v&agrave; 2 MP.</li>\r\n	<li>Camera selfie t&iacute;ch hợp khả năng x&oacute;a ph&ocirc;ng.</li>\r\n	<li>M&agrave;n h&igrave;nh v&ocirc; cực 5.9 inch&nbsp;Full HD+.</li>\r\n	<li>RAM 4 GB + ROM 64 GB + Chạy Android 7.0 + Pin&nbsp;3.340 mAh.</li>\r\n</ul>\r\n\r\n<h3><strong>2.&nbsp;Mobiistar Prime X Max 2018</strong></h3>\r\n\r\n<p><img alt=\"\" src=\"/PTiTShop/uploads/2017/2017-10-25-21-41-50-mobiistar-prime-x-max-2018_616x347.gif\" style=\"height:347px; width:616px\" /></p>\r\n\r\n<p>Đặc điểm nổi bật:</p>\r\n\r\n<ul>\r\n	<li>4 camera: Trước&nbsp;20 MP + 8 MP, sau&nbsp;13 MP v&agrave; 5 MP.</li>\r\n	<li>Camera selfie g&oacute;c rộng, camera sau t&iacute;ch hợp khả năng chụp ảnh x&oacute;a ph&ocirc;ng.</li>\r\n	<li>M&agrave;n h&igrave;nh v&ocirc; cực 6 inch HD+</li>\r\n	<li>RAM 4 GB + ROM 64 GB + Chạy Android 7.0 + Pin&nbsp;4.010 mAh.</li>\r\n</ul>\r\n\r\n<h3><strong>3. OPPO F5</strong></h3>\r\n\r\n<p><img alt=\"\" src=\"/PTiTShop/uploads/2017/2017-10-25-21-42-32-oppo-f5_616x347.gif\" style=\"height:347px; width:616px\" /></p>\r\n\r\n<p>Đặc điểm nổi bật (Dựa tr&ecirc;n tin đồn, chưa ch&iacute;nh thức):</p>\r\n\r\n<ul>\r\n	<li>3 camera: Trước 16 MP + 16 MP, sau 20 MP.</li>\r\n	<li>Camera t&iacute;ch hợp tr&iacute; th&ocirc;ng minh nh&acirc;n tạo AI Beauty.</li>\r\n	<li>M&agrave;n h&igrave;nh v&ocirc; cực 6 inch Full HD+, c&oacute; mở kh&oacute;a bằng khu&ocirc;n mặt.</li>\r\n	<li>RAM 4 GB/ 6 GB + ROM 64 GB + Chip Snapdragon 660 + Android 7 + Pin 4.000 mAh.</li>\r\n</ul>\r\n',1,'/PTiTShop/uploads/2017/2017-10-25-21-42-32-oppo-f5_616x347.gif',0,'2017-10-25 21:42:56','2017-10-25 21:42:56',1),(8,'Mẫu Galaxy C8 ở Trung Quốc thực chất là Galaxy J7+ tại Việt Nam','Mau-Galaxy-C8-o-Trung-Quoc-thuc-chat-la-Galaxy-J7_-tai-Viet-Nam','Mới đây, Samsung đã tung ra chiếc smartphone camera kép Galaxy C8 tại thị trường Trung Quốc. Tuy nhiên, Galaxy C8 thực chất là Galaxy J7+ hiện đang bán tại thị trường Việt Nam.','<h2>Mới đ&acirc;y, Samsung đ&atilde; tung ra chiếc smartphone camera k&eacute;p Galaxy C8 tại thị trường Trung Quốc. Tuy nhi&ecirc;n, Galaxy C8 thực chất l&agrave;&nbsp;<a href=\"https://www.thegioididong.com/dtdd/samsung-galaxy-j7-plus\" target=\"_blank\" title=\"Galaxy J7+\">Galaxy J7+</a>&nbsp;hiện đang b&aacute;n tại thị trường Việt Nam.</h2>\r\n\r\n<p>Theo&nbsp;<a href=\"https://www.gizmochina.com/2017/10/24/samsung-galaxy-c8-photo-tour-heres-samsungs-second-dual-camera-phone-close/\" rel=\"nofollow\" target=\"_blank\" title=\"Galaxy C8 \">gizmochina</a>,&nbsp;Galaxy C8&nbsp;c&oacute; thể l&agrave; t&ecirc;n gọi độc quyền tại Trung Quốc, smartphone n&agrave;y l&agrave; điện thoại camera k&eacute;p thứ 2 của Samsung, sau&nbsp;<a href=\"https://www.thegioididong.com/dtdd/samsung-galaxy-note8\" target=\"_blank\" title=\"Galaxy Note 8\">Galaxy Note 8</a>.</p>\r\n\r\n<p>Cũng tương tự như Galaxy J7+ tại Việt Nam, Galaxy C8 c&oacute; m&agrave;n h&igrave;nh Super AMOLED 5.5 inch độ ph&acirc;n giải Full HD. Thiết bị n&agrave;y c&oacute; n&uacute;t Home t&iacute;ch hợp cảm biến v&acirc;n tay nằm ở cạnh dưới m&agrave;n h&igrave;nh.</p>\r\n\r\n<p><img alt=\"\" src=\"/PTiTShop/uploads/2017/2017-10-25-21-44-5-samsung-galaxy-c8-10_800x450.jpg\" style=\"height:450px; width:800px\" /></p>\r\n\r\n<p>Galaxy C8 c&oacute; camera mặt trước 16 MP, khẩu độ F/1.9, c&oacute; đ&egrave;n flash trợ s&aacute;ng. Trong khi mặt sau l&agrave; bộ camera k&eacute;p gồm: 1 camera 13 MP khẩu độ F/1.7 + 1 camera 5 MP khẩu độ F/1.9.</p>\r\n\r\n<p>Galaxy C8 tại Trung Quốc cũng trang bị chip 8 nh&acirc;n Helio P25 kết hợp c&ugrave;ng RAM 3/4 GB, ROM 32/64 GB, pin dung lượng 3.000 mAh. Phi&ecirc;n bản RAM 3 GB + ROM 32 GB c&oacute; gi&aacute; 1.999 NDT (khoảng 6.8 triệu đồng).</p>\r\n',1,'/PTiTShop/uploads/2017/2017-10-25-21-44-5-samsung-galaxy-c8-10_800x450.jpg',0,'2017-10-25 21:44:50','2017-10-25 21:44:50',1),(9,'Xiaomi Mi 5X phiên bản màu đỏ quyến rũ chính thức ra mắt','Xiaomi-Mi-5X-phien-ban-mau-do-quyen-ru-chinh-thuc-ra-mat','Các bạn có thể thấy, hình ảnh poster quảng cáo chính thức máy khoác lên bộ áo rất hài hòa, hấp dẫn giữa màu đỏ và màu đen. Kể từ bây giờ Mi 5X đã có tới 4 phiên bản màu khác nhau: vàng, đen, vàng hồng và đỏ.','<h2>H&ocirc;m nay, nh&agrave; sản xuất&nbsp;<a href=\"https://www.thegioididong.com/dtdd-xiaomi\" target=\"_blank\" title=\"Xiaomi \" type=\"Xiaomi \">Xiaomi</a>&nbsp;đ&atilde; ch&iacute;nh thức tung ra thị trường phi&ecirc;n bản Mi 5X Special Edition m&agrave;u đỏ quyến rũ, nhiệt huyết.</h2>\r\n\r\n<p>C&aacute;c bạn c&oacute; thể thấy, h&igrave;nh ảnh poster quảng c&aacute;o ch&iacute;nh thức m&aacute;y kho&aacute;c l&ecirc;n bộ &aacute;o rất h&agrave;i h&ograve;a, hấp dẫn giữa m&agrave;u đỏ v&agrave; m&agrave;u đen. Kể từ b&acirc;y giờ&nbsp;<a href=\"https://www.thegioididong.com/dtdd/xiaomi-mi-5x\" target=\"_blank\" title=\"Xiaomi Mi 5X\" type=\"Xiaomi Mi 5X\">Mi 5X</a>&nbsp;đ&atilde; c&oacute; tới 4 phi&ecirc;n bản m&agrave;u kh&aacute;c nhau: v&agrave;ng, đen, v&agrave;ng hồng v&agrave; đỏ.</p>\r\n\r\n<p><img alt=\"\" src=\"/PTiTShop/uploads/2017/2017-10-25-21-45-35-xiaomi-mi-5x-a_800x450.jpg\" style=\"height:450px; width:800px\" /></p>\r\n\r\n<p>N&oacute;i qua một ch&uacute;t về cấu h&igrave;nh, điện thoại trang bị vi xử l&yacute; Snapdragon 625 kết hợp với bộ nhớ 4GB RAM v&agrave; 64 GB ROM (hỗ trợ mở rộng th&ocirc;ng qua thẻ nhớ MicroSD), m&agrave;n h&igrave;nh 5.5 inch tr&ecirc;n tấm nền IPS với độ ph&acirc;n giải Full HD, camera k&eacute;p 12+12 MP, m&aacute;y ảnh trước 5MP v&agrave; bảo mật v&acirc;n tay ở mặt lưng.</p>\r\n\r\n<p>Sản phẩm n&agrave;y đ&atilde; được cho ph&eacute;p đặt h&agrave;ng trước tr&ecirc;n cả k&ecirc;nh b&aacute;n h&agrave;ng online v&agrave; offline, trước khi m&aacute;y l&ecirc;n kệ v&agrave;o ng&agrave;y 1/11 tới, với mức gi&aacute; 1.499 NDT (5.1 triệu) kh&ocirc;ng c&oacute; g&igrave; thay đổi so với gi&aacute; b&aacute;n của c&aacute;c phi&ecirc;n bản m&agrave;u sắc kh&aacute;c. C&aacute;c bạn cảm nhận thế n&agrave;o về phi&ecirc;n bản Mi 5X&nbsp;Special Edition&nbsp;mới ra mắt c&ugrave;ng cho &yacute; kiến nh&eacute;!</p>\r\n',1,'/PTiTShop/uploads/2017/2017-10-25-21-46-38-xiaomi-mi-5x-a_800x450.jpg',0,'2017-10-25 21:46:41','2017-10-25 21:46:41',1),(10,'OPPO chính thức xác nhận thông số camera của OPPO R11S','OPPO-chinh-thuc-xac-nhan-thong-so-camera-cua-OPPO-R11S','Thông tin trước đây cho biết thông số về cụm camera kép của OPPO R11S khiến nhiều người còn nghi ngờ. Nhưng mới đây, nhà sản xuất đã đăng một hình ảnh xác nhận rằng smartphone sẽ trang bị cụm camera kép sau với cảm biến 20+16 MP.','<h2>Ch&uacute;ng ta đ&atilde; biết,&nbsp;<a href=\"https://www.thegioididong.com/dtdd-oppo\" target=\"_blank\" title=\"OPPO\" type=\"OPPO\">OPPO</a>&nbsp;đang sắp sửa tung ra một chiếc smartphone kế nhiệm d&ograve;ng R11 l&agrave;&nbsp;<a href=\"https://www.thegioididong.com/dtdd/oppo-r11s\" target=\"_blank\" title=\"R11S\" type=\"R11S\">R11S</a>&nbsp;v&agrave;o ng&agrave;y 2/11 tới.</h2>\r\n\r\n<p>Th&ocirc;ng tin trước đ&acirc;y cho biết th&ocirc;ng số về cụm camera k&eacute;p của OPPO R11S khiến nhiều người c&ograve;n nghi ngờ. Nhưng mới đ&acirc;y, nh&agrave; sản xuất đ&atilde; đăng một h&igrave;nh ảnh x&aacute;c nhận rằng smartphone sẽ trang bị cụm camera k&eacute;p sau với cảm biến 20+16 MP.</p>\r\n\r\n<p>V&agrave; cả hai ống k&iacute;nh đều c&oacute; khẩu độ f/1.7 trong khi camera selfie của m&aacute;y đạt ngưỡng 20 MP.</p>\r\n\r\n<p><img alt=\"\" src=\"/PTiTShop/uploads/2017/2017-10-25-21-48-24-oppo-xac-nhan-thong-so-camera-cua-oppo11s_600x1066.jpg\" style=\"height:533px; width:600px\" /></p>\r\n\r\n<p>Ngo&agrave;i những th&ocirc;ng số về camera v&agrave; m&agrave;n h&igrave;nh th&igrave; những th&ocirc;ng số c&ograve;n lại tương tự như OPPO R11 với vi&ecirc;n pin 4.000 mAh hỗ trợ c&ocirc;ng nghệ sạc nhanh VOOC độc quyền, chạy Android 7.1 Nougat, bộ vi xử l&yacute; Snapdragon 660 kết hợp 4 GB RAM v&agrave; bộ nhớ trong 64 GB.</p>\r\n\r\n<p>Đ&aacute;ng tiếc th&ocirc;ng tin về gi&aacute; b&aacute;n cụ thể của m&aacute;y vẫn chưa được h&atilde;ng tiết lộ. C&aacute;c bạn c&oacute; h&aacute;o hức ng&agrave;y tr&igrave;nh l&agrave;ng của si&ecirc;u phẩm tầm trung n&agrave;y hay kh&ocirc;ng?</p>\r\n\r\n<p>Theo&nbsp;<a href=\"https://www.gizmochina.com/2017/10/25/oppo-r11s-camera-specs-revealed/\" rel=\"nofollow\" target=\"_blank\" title=\"Gizmochina\" type=\"Gizmochina\">Gizmochina</a></p>\r\n',1,'/PTiTShop/uploads/2017/2017-10-25-21-48-24-oppo-xac-nhan-thong-so-camera-cua-oppo11s_600x1066.jpg',0,'2017-10-25 21:48:48','2017-10-25 21:48:48',1),(11,'Cách tắt tiếng chụp ảnh cho iPhone Lock đơn giản','Cach-tat-tieng-chup-anh-cho-iPhone-Lock-don-gian','Khá phiền toái khi mỗi lần nhấn chụp hình, iPhone đều phát ra tiếng dù bạn đã gạt thanh tắt âm thanh. Thực hiện ngay cách dưới đây, bạn đã có thể giải quyết vấn đề. iPhone dù lock hay quốc tế tại các thị trường Hàn và Nhật đều không thể tắt âm khi chụp ảnh, nếu không thực hiện Jailbreak để cài đặt các tweak tắt âm.','<h2>Kh&aacute; phiền to&aacute;i khi mỗi lần nhấn chụp h&igrave;nh,&nbsp;<a href=\"https://www.thegioididong.com/dtdd-apple-iphone\" target=\"_blank\" title=\"iPhone\" type=\"iPhone\">iPhone</a>&nbsp;đều ph&aacute;t ra tiếng d&ugrave; bạn đ&atilde; gạt thanh tắt &acirc;m thanh. Thực hiện ngay c&aacute;ch dưới đ&acirc;y, bạn đ&atilde; c&oacute; thể giải quyết vấn đề.</h2>\r\n\r\n<p>iPhone d&ugrave; lock hay quốc tế tại c&aacute;c thị trường H&agrave;n v&agrave; Nhật đều kh&ocirc;ng thể tắt &acirc;m khi chụp ảnh, nếu kh&ocirc;ng thực hiện Jailbreak để c&agrave;i đặt c&aacute;c tweak tắt &acirc;m.</p>\r\n\r\n<p>Tuy vậy, Jailbreak c&oacute; thể khiến iFan đối mặt với c&aacute;c nguy hiểm li&ecirc;n quan đến iCloud. Do đ&oacute; để tr&aacute;nh c&aacute;c rủi ro n&agrave;y, bạn c&oacute; thể c&agrave;i đặt một ứng dụng hỗ trợ việc chụp h&igrave;nh kh&ocirc;ng ph&aacute;t tiếng, về chất lượng ảnh chụp cho ra kh&aacute; tương đồng với khi chụp c&ugrave;ng camera mặc định.</p>\r\n\r\n<p><img alt=\"\" src=\"/PTiTShop/uploads/2017/2017-10-25-21-50-30-image001_800x450.jpg\" style=\"height:450px; width:800px\" /></p>\r\n\r\n<p>Muốn chụp ảnh tắt tiếng, trước hết bạn cần gạt thanh &acirc;m thanh xuống để tắt &acirc;m iPhone, sau đ&oacute; nhấn chụp.</p>\r\n\r\n<p>V&igrave; ứng dụng n&agrave;y cho ph&eacute;p tải miễn ph&iacute; n&ecirc;n xuất hiện kh&aacute; nhiều quảng c&aacute;o khi sử dụng. Bạn c&oacute; thể tắt mạng để tắt c&aacute;c quảng c&aacute;o n&agrave;y. Ch&uacute;c c&aacute;c bạn th&agrave;nh c&ocirc;ng.</p>\r\n',1,'/PTiTShop/uploads/2017/2017-10-25-21-50-30-image001_800x450.jpg',0,'2017-10-25 21:50:55','2017-10-25 21:50:55',1),(12,'Mọi thứ bạn cần biết về chuẩn màn hình smartphone hiện nay (2017)','Moi-thu-ban-can-biet-ve-chuan-man-hinh-smartphone-hien-nay-(2017)','Ngày nay, với sự xuất hiện của hàng loạt mẫu smartphone mới dẫn đến sự ra đời những tỉ lệ màn hình \"lạ\" đi kèm những tên gọi khiến chúng ta dễ hiểu lầm. Ví dụ đơn giản như thế nào là Full HD và Full HD+. Để cùng tìm hiểu rõ hơn, mời bạn đọc bài viết sau.','<p>Ngày nay, với sự xuất hiện của hàng loạt mẫu smartphone mới dẫn đến sự ra đời những tỉ lệ màn hình \"lạ\" đi kèm những tên gọi khiến chúng ta dễ hiểu lầm. Ví dụ đơn giản như thế nào là Full HD và Full HD+. Để cùng tìm hiểu rõ hơn, mời bạn đọc bài viết sau.</p>\r\n\r\n<h3><strong>Tỉ lệ khung h&igrave;nh l&agrave; g&igrave;?</strong></h3>\r\n\r\n<p>Tỉ lệ khung h&igrave;nh ch&iacute;nh l&agrave; tỉ lệ của chiều d&agrave;i với chiều rộng của m&agrave;n h&igrave;nh v&agrave; t&iacute;nh bằng đơn vị pixel (điểm ảnh).&nbsp;</p>\r\n\r\n<p>Từ ng&agrave;y xưa, tỉ lệ khung h&igrave;nh được định nghĩa chuẩn l&agrave; 4:3, sau đ&oacute; l&agrave; 16:10, tiếp theo l&agrave; 16:9 v&agrave; hiện nay l&agrave; 21:9. Xu hướng thay đổi n&agrave;y l&agrave; do sự ảnh hưởng của c&aacute;c bộ phim g&acirc;y n&ecirc;n.</p>\r\n\r\n<p><img alt=\"\" src=\"/PTiTShop/uploads/2017/2017-10-25-21-52-1-finalized_screen-timeline_2017-1_800x450.jpg\" style=\"height:450px; width:800px\" /></p>\r\n\r\n<p>C&ograve;n với smartphone của ch&uacute;ng ta hiện nay, ti&ecirc;u chuẩn phổ biến nhất vẫn l&agrave; 16:9 nhưng với sự xuất hiện của Galaxy S8 c&ugrave;ng tỉ lệ khung h&igrave;nh&nbsp;18.5:9 đ&atilde; l&agrave;m n&ecirc;n một sự x&aacute;o trộn nho nhỏ đối với c&aacute;c lập tr&igrave;nh vi&ecirc;n ứng dụng Android (bởi ứng dụng của họ mặc định được hiển thị ở tỉ lệ 16:9).</p>\r\n\r\n<p>Ch&uacute;ng ta kh&ocirc;ng d&aacute;m n&oacute;i trước rằng, Samsung đang chuẩn bị tạo n&ecirc;n một cuộc c&aacute;ch mạng nhằm thay đổi tỉ lệ m&agrave;n h&igrave;nh chuẩn tr&ecirc;n smartphone. Nhưng một điều chắc chắn m&agrave; ai cũng thấy, đ&oacute; l&agrave; m&agrave;n h&igrave;nh tr&ecirc;n smartphone của ch&uacute;ng ta đang ng&agrave;y c&agrave;ng d&agrave;i ra.</p>\r\n',1,'/PTiTShop/uploads/2017/2017-10-25-21-52-1-finalized_screen-timeline_2017-1_800x450.jpg',2,'2017-10-25 21:52:30','2017-10-25 22:01:13',1),(13,'Mẹo uống trà sữa, ăn uống được giảm giá tới 50% hoặc miễn phí','Meo-uong-tra-sua-an-uong-duoc-giam-gia-toi-50-hoac-mien-phi','Trà sữa đã trở thành một món thức uống quen thuộc và yêu thích của giới trẻ. Bài viết hôm nay, mình sẽ hướng dẫn các bạn một mẹo uống trà sữa hay đi ăn uống được giảm giá rất nhiều từ 30-50% hay thậm chí miễn phí mỗi ngày.','<h2>Tr&agrave; sữa đ&atilde; trở th&agrave;nh một m&oacute;n thức uống quen thuộc v&agrave; y&ecirc;u th&iacute;ch của giới trẻ. B&agrave;i viết h&ocirc;m nay, m&igrave;nh sẽ hướng dẫn c&aacute;c bạn một&nbsp;<a href=\"https://www.thegioididong.com/tin-tuc/meo-hay/1036\" target=\"_blank\" title=\"mẹo hay\" type=\"mẹo hay\">mẹo</a>&nbsp;uống tr&agrave; sữa hay đi ăn uống được giảm gi&aacute; rất nhiều từ 30-50% hay thậm ch&iacute; miễn ph&iacute; mỗi ng&agrave;y.</h2>\r\n\r\n<p>Đầu ti&ecirc;n, c&aacute;c bạn tải ứng dụng Meete về m&aacute;y của m&igrave;nh:</p>\r\n\r\n<ul>\r\n	<li><a href=\"https://itunes.apple.com/vn/app/meete/id1066923602?l=vi&amp;mt=8\" rel=\"nofollow\" target=\"_blank\" title=\"meete ios\" type=\"meete ios\">Tải Meete cho iOS</a></li>\r\n	<li><a href=\"https://play.google.com/store/apps/details?id=com.cixa.meete&amp;hl=vi\" rel=\"nofollow\" target=\"_blank\" title=\"Meete android\" type=\"Meete android\">Tải Meete cho Android</a></li>\r\n</ul>\r\n\r\n<p>Giao diện ứng dụng kh&aacute; đơn giản, tương tự như c&aacute;c ứng dụng ăn uống Foody hay Địa điểm ăn uống. Ph&iacute;a tr&ecirc;n sẽ l&agrave; c&aacute;c banner với c&aacute;c khuyến m&atilde;i hấp dẫn nhất trong ng&agrave;y. Ngay ph&iacute;a dưới sẽ l&agrave; danh s&aacute;ch c&aacute;c địa điểm đang c&oacute; khuyến m&atilde;i.</p>\r\n\r\n<p><img alt=\"\" src=\"/PTiTShop/uploads/2017/2017-10-25-21-53-10-meete1-_2304x2048-800-resize.jpg\" style=\"height:711px; width:800px\" /></p>\r\n\r\n<p>Ch&uacute;c c&aacute;c bạn vui vẻ nh&eacute;!</p>\r\n',1,'/PTiTShop/uploads/2017/2017-10-25-21-53-10-meete1-_2304x2048-800-resize.jpg',1,'2017-10-25 21:53:34','2017-10-25 21:53:34',1),(14,'Người đàn ông bị cảnh sát bắt chỉ vì Facebook dịch thuật sai','Nguoi-dan-ong-bi-canh-sat-bat-chi-vi-Facebook-dich-thuat-sai','Theo tờ báo Haaretz của Israel, một người Palestine bị cảnh sát Israel bắt giữ vì một bài đăng trên trang cá nhân rằng \"buổi sáng tốt lành\" nhưng lại bị công cụ dịch tự động của Facebook đã dịch sai thành là \"tấn công họ\" bằng tiếng Do Thái và \"làm tổn thương họ\" bằng tiếng Anh.','<p><a href=\"https://www.thegioididong.com/tin-tuc/tim-kiem?key=Facebook\" target=\"_blank\" title=\"Facebook \" type=\"Facebook \">Facebook</a>&nbsp;đ&atilde; l&ecirc;n tiếng xin lỗi một người đ&agrave;n &ocirc;ng Palestine v&igrave; khiến &ocirc;ng bị bắt v&igrave; t&iacute;nh năng dịch thuật ngớ ngẩn của họ.</p>\r\n\r\n<p>Theo tờ b&aacute;o Haaretz của Israel, một người Palestine bị cảnh s&aacute;t Israel bắt giữ v&igrave; một b&agrave;i đăng tr&ecirc;n trang c&aacute; nh&acirc;n rằng &quot;buổi s&aacute;ng tốt l&agrave;nh&quot; nhưng lại bị c&ocirc;ng cụ dịch tự động của Facebook đ&atilde; dịch sai th&agrave;nh l&agrave; &quot;tấn c&ocirc;ng họ&quot; bằng tiếng Do Th&aacute;i v&agrave; &quot;l&agrave;m tổn thương họ&quot; bằng tiếng Anh.</p>\r\n\r\n<p><img alt=\"\" src=\"/PTiTShop/uploads/2017/2017-10-25-22-2-50-anh-face-book_800x450.jpg\" style=\"height:450px; width:800px\" /></p>\r\n\r\n<p>Th&acirc;n thế của người đ&agrave;n &ocirc;ng l&agrave; một c&ocirc;ng nh&acirc;n x&acirc;y dựng gần th&agrave;nh phố cổ Jerusalem theo The Guardian. Anh ta đ&atilde; đăng một bức ảnh của m&igrave;nh v&agrave;o tuần trước dựa v&agrave;o một chiếc xe ủi với ch&uacute; th&iacute;ch &ldquo;buổi s&aacute;ng tốt l&agrave;nh&rdquo;. Trong qu&aacute; khứ, đ&acirc;y l&agrave; phương tiện từng được sử dụng để tấn c&ocirc;ng người Israel.</p>\r\n\r\n<p>Cảnh s&aacute;t đ&atilde; bắt người đ&agrave;n &ocirc;ng n&agrave;y sau khi họ được th&ocirc;ng b&aacute;o về việc đăng v&agrave; nghi ngờ anh ta đang l&ecirc;n kế hoạch tấn c&ocirc;ng xe bằng xe ủi đất. Anh ta được thả v&agrave;i giờ sau khi cảnh s&aacute;t nhận ra sai lầm. Haaretz b&aacute;o c&aacute;o rằng trước khi bị bắt, kh&ocirc;ng một sĩ quan n&oacute;i tiếng Arập n&agrave;o đọc b&agrave;i đăng tr&ecirc;n Facebook của người đ&agrave;n &ocirc;ng m&agrave; chỉ ho&agrave;n to&agrave;n dựa v&agrave;o hệ thống dịch tự động.</p>\r\n\r\n<p>Facebook hiện đang điều tra vấn đề n&agrave;y v&agrave; Necip Fazil Ayan, gi&aacute;m đốc kỹ thuật của nh&oacute;m c&ocirc;ng nghệ ng&ocirc;n ngữ của Facebook, tuy&ecirc;n bố với trang Gizmodo rằng mặc d&ugrave; những sai s&oacute;t c&oacute; thể xảy ra, c&aacute;c bản dịch của ch&uacute;ng t&ocirc;i ng&agrave;y c&agrave;ng trở n&ecirc;n tốt hơn mỗi ng&agrave;y.</p>\r\n\r\n<p>&quot;Thật kh&ocirc;ng may, c&aacute;c hệ thống dịch thuật của ch&uacute;ng t&ocirc;i đ&atilde; c&oacute; một lỗi trong tuần trước đ&atilde; giải th&iacute;ch sai về nội dung b&agrave;i đăng của anh ta. Ch&uacute;ng t&ocirc;i xin lỗi anh v&agrave; gia đ&igrave;nh về sai lầm do sự cố n&agrave;y g&acirc;y n&ecirc;n&quot;.</p>\r\n\r\n<p>Thế mới n&oacute;i, d&ugrave; t&iacute;nh năng dịch của Facebook được cung cấp bởi tr&iacute; tuệ nh&acirc;n tạo AI v&agrave; khoảng 4.5 tỷ bản dịch được thực hiện mỗi ng&agrave;y qua mạng x&atilde; hội nhưng cũng c&oacute; l&uacute;c n&oacute; ngớ ngẩn.</p>\r\n\r\n<p>V&igrave; vậy ch&uacute;ng ta chỉ n&ecirc;n d&ugrave;ng để tham khảo chứ đừng tin tưởng 100%.</p>\r\n\r\n<p>Theo&nbsp;<a href=\"https://www.theverge.com/us-world/2017/10/24/16533496/facebook-apology-wrong-translation-palestinian-arrested-post-good-morning\" rel=\"nofollow\" target=\"_blank\" title=\"Theverge\" type=\"Theverge\">Theverge</a></p>\r\n',1,'/PTiTShop/uploads/2017/2017-10-25-22-2-50-anh-face-book_800x450.jpg',1,'2017-10-25 22:03:30','2017-10-25 22:03:30',1);
/*!40000 ALTER TABLE `posts` ENABLE KEYS */;
UNLOCK TABLES;

--
-- Table structure for table `product_details`
--

DROP TABLE IF EXISTS `product_details`;
/*!40101 SET @saved_cs_client     = @@character_set_client */;
/*!40101 SET character_set_client = utf8 */;
CREATE TABLE `product_details` (
  `id` int(11) NOT NULL AUTO_INCREMENT,
  `quantity` int(11) NOT NULL,
  `uploaded_at` datetime NOT NULL,
  `description` text COLLATE utf8_unicode_ci,
  `digitals` text COLLATE utf8_unicode_ci,
  PRIMARY KEY (`id`)
) ENGINE=InnoDB AUTO_INCREMENT=23 DEFAULT CHARSET=utf8 COLLATE=utf8_unicode_ci;
/*!40101 SET character_set_client = @saved_cs_client */;

--
-- Dumping data for table `product_details`
--

LOCK TABLES `product_details` WRITE;
/*!40000 ALTER TABLE `product_details` DISABLE KEYS */;
INSERT INTO `product_details` VALUES (1,99,'2017-09-16 20:36:34','<p>&nbsp;</p>\r\n\r\n<p><a href=\"https://fptshop.com.vn/dien-thoai/samsung-galaxy-j7-pro?version=2#\">Galaxy J7 Pro</a>&nbsp;l&agrave; một mẫu smartphone mới trong ph&acirc;n kh&uacute;c tầm trung của Samsung c&oacute; camera thiết kế phẳng c&ugrave;ng ống k&iacute;nh với khẩu độ lớn F1.7, thừa hưởng từ Galaxy S8 với thiết kế kim loại nguy&ecirc;n khối sang trọng, xứng đ&aacute;ng l&agrave; &ldquo;bạn đồng h&agrave;nh&rdquo; cho giới trẻ s&agrave;nh điệu, thỏa m&atilde;n nhu cầu chụp ảnh, selfie trong mọi ho&agrave;n cảnh, kể cả trong điều kiện thiếu s&aacute;ng v&agrave; đ&aacute;p ứng những trải nghiệm cuộc sống phong ph&uacute; của người d&ugrave;ng.</p>\r\n\r\n<p>&nbsp;</p>\r\n\r\n<h3><strong>Nổi bật v&agrave; s&agrave;nh điệu với thiết kế sang trọng</strong></h3>\r\n\r\n<p>&nbsp;</p>\r\n\r\n<p><a href=\"https://fptshop.com.vn/dien-thoai/samsung-galaxy-j7-pro?version=2#\">Galaxy J7 Pro</a>&nbsp;được chế t&aacute;c tinh xảo với th&acirc;n kim loại nguy&ecirc;n khối v&agrave; mặt k&iacute;nh cao cấp 2.5D, t&ocirc;ng m&agrave;u xanh &aacute;nh bạc thời thượng tạo n&ecirc;n vẻ ngo&agrave;i sang trọng cho sản phẩm v&agrave; t&ocirc;n th&ecirc;m vẻ s&agrave;nh điệu, bắt kịp xu hướng cho người sở hữu. Th&acirc;n m&aacute;y chỉ mỏng 7.7 mm c&ugrave;ng camera được ốp phẳng khiến chiếc điện thoại tr&ocirc;ng tinh tế hơn.</p>\r\n\r\n<p>&nbsp;</p>\r\n\r\n<p><img alt=\"\" longdesc=\"https://fptshop.com.vn/dien-thoai/samsung-galaxy-j7-pro\" src=\"https://fptshop.com.vn/Uploads/Originals/2017/7/13/636355543261668394_chiem-nguong-ve-dep-kho-cuong-cua-galaxy-j7-pro-xanh-anh-bac-trong-bo-anh-flatlay-fptshop-10.jpg\" title=\"samsung-galaxy-j7-pro\" /></p>\r\n\r\n<p>&nbsp;</p>\r\n\r\n<p>Ở mặt trước, ph&iacute;a dưới m&agrave;n h&igrave;nh l&agrave; nơi đặt 3 ph&iacute;m điều hướng với ph&iacute;m Home được t&iacute;ch hợp cảm biến v&acirc;n tay. Cạnh phải của&nbsp;<a href=\"https://fptshop.com.vn/dien-thoai/samsung-galaxy-j7-pro?version=2#\">J7 Pro</a>được bố tr&iacute; ph&iacute;m nguồn v&agrave; loa ngo&agrave;i. Thiết kế loa ngo&agrave;i kh&aacute; kh&aacute;c biệt, ở vị tr&iacute; n&agrave;y khi đặt điện thoại &uacute;p hay ngửa đều sẽ kh&ocirc;ng ảnh hưởng đến &acirc;m lượng.</p>\r\n\r\n<p>&nbsp;</p>\r\n\r\n<p><a href=\"https://fptshop.com.vn/dien-thoai/samsung-galaxy-j7-pro?version=2#\">Galaxy J7 Pro</a>&nbsp;cho người d&ugrave;ng 3 sự lựa chọn về m&agrave;u sắc tương ứng với c&aacute; t&iacute;nh v&agrave; sở th&iacute;ch c&aacute; nh&acirc;n: Xanh &Aacute;nh Bạc Thời Thượng, Đen Huyền Mạnh Mẽ, V&agrave;ng Kim Tỏa S&aacute;ng.</p>\r\n\r\n<h3>&nbsp;</h3>\r\n\r\n<h3><strong>M&agrave;n h&igrave;nh Full HD SuperAMOLED sắc n&eacute;t</strong></h3>\r\n\r\n<p>&nbsp;</p>\r\n\r\n<p><img alt=\"\" longdesc=\"https://fptshop.com.vn/dien-thoai/samsung-galaxy-j7-pro\" src=\"https://fptshop.com.vn/Uploads/Originals/2017/7/13/636355543247628304_chiem-nguong-ve-dep-kho-cuong-cua-galaxy-j7-pro-xanh-anh-bac-trong-bo-anh-flatlay-fptshop-9.jpg\" title=\"samsung-galaxy-j7-pro\" /></p>\r\n\r\n<p>&nbsp;</p>\r\n\r\n<p>M&agrave;n h&igrave;nh Full HD SuperAMOLED rộng 5.5 inches kết hợp c&ugrave;ng thiết kế cong gi&uacute;p thiết bị kh&ocirc;ng chỉ tinh tế hơn, cầm nắm dễ d&agrave;ng hơn m&agrave; c&ograve;n mang đến trải nghiệm vuốt từ c&aacute;c cạnh v&agrave;o mượt m&agrave;, đồng thời cho chất lượng h&igrave;nh ảnh hiển thị sắc n&eacute;t, g&oacute;c nh&igrave;n rộng, s&aacute;ng v&agrave; tiết kiệm năng lượng, ho&agrave;n thiện trải nghiệm giải tr&iacute; tr&ecirc;n m&agrave;n h&igrave;nh lớn của người d&ugrave;ng.</p>\r\n\r\n<p>&nbsp;</p>\r\n','[{\"category\":\"Thông số cơ bản\",\"list\":[{\"name\":\"Màn hình\",\"value\":\"5.5 inch (1920 x 1080 pixels)\"},{\"name\":\"Camera\",\"value\":\"Chính: 13.0 MP, Phụ: 13.0 MP\"},{\"name\":\"RAM\",\"value\":\"3 GB\"},{\"name\":\"Bộ nhớ trong\",\"value\":\"32 GB\"},{\"name\":\"Hệ điều hành \",\"value\":\"Android 7.0 Nougat\"},{\"name\":\"CPU\",\"value\":\"Octa-core 1.6 GHz\"},{\"name\":\"Kích thước \",\"value\":\"152.4 x 74.7 x 7.9 mm\"}]},{\"category\":\"Màn hình\",\"list\":[{\"name\":\"Công nghệ màn hình\",\"value\":\"Super AMOLED\"},{\"name\":\"Chuẩn màn hình\",\"value\":\"Full HD\"},{\"name\":\"Độ phân giải màn hình\",\"value\":\"1920 x 1080 pixels\"}]},{\"category\":\"Camera Trước\",\"list\":[{\"name\":\"Video Call \",\"value\":\"Có\"},{\"name\":\"Độ phân giải\",\"value\":\"	13.0 MP (f1.9)\"}]},{\"category\":\"Camera Sau\",\"list\":[{\"name\":\"Độ phân giải\",\"value\":\"13.0 MP (f1.7)\"},{\"name\":\"Quay phim\",\"value\":\"Full HD 1080p@30fps\"},{\"name\":\"Đèn Flash\",\"value\":\"Có\"}]}]'),(2,120,'2017-09-16 22:21:37','<p><strong>iPhone 6 32GB (2017)&nbsp;</strong>l&agrave; một phi&ecirc;n bản&nbsp;<a href=\"https://fptshop.com.vn/dien-thoai/apple-iphone?version=2\" target=\"_blank\">iPhone</a>&nbsp;m&agrave;n h&igrave;nh lớn, kh&ocirc;ng chỉ đơn thuần về k&iacute;ch thước m&agrave; c&ograve;n tốt về mọi mặt. Thiết kế kim loại cao cấp bao phủ m&agrave;n h&igrave;nh Retina HD tuyệt đẹp; mạnh mẽ hơn, nhưng lại tiết kiệm pin hơn. Sự phối hợp ho&agrave;n hảo giữa phần cứng v&agrave; phần mềm, đem đến cho bạn một si&ecirc;u phẩm trong tầm tay.</p>\r\n\r\n<p>&nbsp;</p>\r\n\r\n<h3><strong>Thiết kế đẳng cấp, sang trọng</strong></h3>\r\n\r\n<p>&nbsp;</p>\r\n\r\n<p><img alt=\"\" longdesc=\"https://fptshop.com.vn/dien-thoai/iphone-6-32gb\" src=\"https://fptshop.com.vn/Uploads/Originals/2017/7/5/636348628148604414_iphone-6s-18.jpg\" title=\"iphone-6-32gb\" /></p>\r\n\r\n<p>&nbsp;</p>\r\n\r\n<p><strong>iPhone 6 32GB (2017)</strong>&nbsp;mang tr&ecirc;n m&igrave;nh một m&agrave;n h&igrave;nh lớn dẫn đến k&iacute;ch thước tổng thể lớn. Tuy vậy bạn vẫn c&oacute; thể dễ d&agrave;ng cầm m&aacute;y gọn g&agrave;ng đầy thoải m&aacute;i nhờ việc bo tr&ograve;n g&oacute;c cạnh của m&aacute;y. Phần khung nh&ocirc;m nguy&ecirc;n khối thống nhất tạo n&ecirc;n sự liền lạc của mặt k&iacute;nh v&agrave; bộ khung kim loại, kết cấu hợp l&yacute;, tất cả đều được gia c&ocirc;ng tỉ mỉ đến từng chi tiết nhỏ để n&acirc;ng cao trải nghiệm của bạn. Thiết kế lớn hơn, đẹp hơn v&agrave; tr&ecirc;n hết l&agrave; độ mỏng chỉ 6.9 mm mang đến cho bạn một sản phẩm v&ocirc; c&ugrave;ng sang trọng, cao cấp.</p>\r\n\r\n<p>Xem th&ecirc;m :&nbsp;<a href=\"https://fptshop.com.vn/tin-tuc/danh-gia/tai-sao-nen-lua-chon-iphone-6-32gb-thay-vi-cac-mau-smartphone-can-cao-cap-khac-51082\" target=\"_blank\">Tại sao n&ecirc;n lựa chọn iPhone 6 32GB thay v&igrave; c&aacute;c mẫu smartphone cận cao cấp kh&aacute;c</a></p>\r\n\r\n<h3>&nbsp;</h3>\r\n\r\n<h3><strong>M&agrave;n h&igrave;nh lớn đẹp v&agrave; sắc n&eacute;t</strong></h3>\r\n\r\n<p>&nbsp;</p>\r\n\r\n<p><img alt=\"\" longdesc=\"https://fptshop.com.vn/dien-thoai/iphone-6-32gb\" src=\"https://fptshop.com.vn/Uploads/Originals/2017/7/5/636348628148292410_iphone-6s-16.jpg\" title=\"iphone-6-32gb\" /></p>\r\n\r\n<p>&nbsp;</p>\r\n\r\n<p><strong>iPhone 6 (2017)</strong>&nbsp;sở hữu một thiết kế m&agrave;n h&igrave;nh lớn. M&agrave;n h&igrave;nh của m&aacute;y c&oacute; k&iacute;ch thước kh&aacute; lớn, cho khả năng hiển thị tốt, m&agrave;u sắc rực rỡ v&agrave; độ tương phản cao hơn c&ugrave;ng g&oacute;c nh&igrave;n rộng hơn. Đ&oacute; l&agrave; những g&igrave; m&agrave; m&agrave;n h&igrave;nh k&iacute;ch thước 4.7 inches v&agrave; độ ph&acirc;n giải 1334 x 750 pixels chuẩn Retina mang lại. Những h&igrave;nh ảnh sắc n&eacute;t, những thước phim sống động hay những game đồ họa kinh điển, tất cả đều nổi bật l&ecirc;n như thật ngay trước mắt bạn theo c&aacute;ch tuyệt vời nhất.</p>\r\n','[{\"category\":\"Thông số cơ bản\",\"list\":[{\"name\":\"Màn hình\",\"value\":\"4.7 inch (1334 x 750 pixels)\"},{\"name\":\"Camera :\",\"value\":\"Chính: 8.0 MP, Phụ: 1.2 MP\"},{\"name\":\"RAM :\",\"value\":\"1 GB\"},{\"name\":\"Bộ nhớ trong :\",\"value\":\"32 GB\"},{\"name\":\"Hệ điều hành\",\"value\":\"iOS\"},{\"name\":\"Chipset \",\"value\":\"Apple A8 2 nhân 64-bit\"}]},{\"category\":\"Màn hình\",\"list\":[{\"name\":\"Công nghệ màn hình \",\"value\":\"LED IPS\"},{\"name\":\"Chuẩn màn hình \",\"value\":\"HD\"},{\"name\":\"Màu màn hình :\",\"value\":\"16 Triệu màu\"}]}]'),(3,1000,'2017-09-16 22:36:09','<p>Tiếp nối sự th&agrave;nh c&ocirc;ng của d&ograve;ng sản phẩm Sony Xperia XZ, Sony tiếp tục giới thiệu đến người d&ugrave;ng phi&ecirc;n bản n&acirc;ng cấp của n&oacute; với t&ecirc;n gọi l&agrave;&nbsp;<a href=\"https://fptshop.com.vn/dien-thoai/sony-xperia-xz-premium?version=2\" target=\"_blank\">Sony Xperia XZ Premium</a>. Sản phẩm sở hữu nhiều sự thay đổi với c&ocirc;ng nghệ m&agrave;n h&igrave;nh 4K HDR c&ugrave;ng cảm biến h&igrave;nh ảnh mới Motion Eye, bộ vi xử l&yacute; mới mạnh mẽ c&ugrave;ng nhiều t&iacute;nh năng vượt trội kh&aacute;c đang chờ bạn kh&aacute;m ph&aacute;.</p>\r\n\r\n<h3>&nbsp;</h3>\r\n\r\n<h3><strong>Kiểu d&aacute;ng đẹp, c&aacute;c cạnh được bo tr&ograve;n tinh tế</strong></h3>\r\n\r\n<p>&nbsp;</p>\r\n\r\n<p>Xperia XZ Premium vẫn sở hữu bộ khung kim loại từ người tiền nhiệm nhưng mặt trước v&agrave; mặt sau của sản phẩm đ&atilde; được Sony thay mặt k&iacute;nh Gorilla Glass 5 gi&uacute;p m&aacute;y tăng độ cứng c&aacute;p v&agrave; giảm rủi ro khi rớt m&aacute;y. Đồng thời, hai cạnh b&ecirc;n của m&aacute;y cũng được bo cong thay v&igrave; l&agrave;m phẳng như c&aacute;c sản phẩm trước.</p>\r\n\r\n<p>&nbsp;</p>\r\n\r\n<p><img alt=\"Thiết kế Sony Xpreia XZ Premuin\" longdesc=\"https://fptshop.com.vn/dien-thoai/sony-xperia-xz-premium\" src=\"https://fptshop.com.vn/Uploads/Originals/2017/6/12/636328829129589269_XZ-Premium-15.jpg\" title=\"sony-xperia-xz-premium\" /></p>\r\n\r\n<p>&nbsp;</p>\r\n\r\n<p>B&ecirc;n cạnh đ&oacute;, Sony XZ Premium c&ograve;n sở hữu một k&iacute;ch thước tổng thể kh&aacute; vừa vặn với c&aacute;c th&ocirc;ng số lần lượt l&agrave; 156 x 77 x 7.9 mm c&ugrave;ng trọng lượng chỉ 195g gi&uacute;p người d&ugrave;ng dễ d&agrave;ng cầm nắm hay mang theo b&ecirc;n m&igrave;nh. Ngo&agrave;i ra, XZ Premium cũng được t&iacute;ch hợp chức năng qu&eacute;t dấu v&acirc;n tay ngay tr&ecirc;n ph&iacute;m nguồn.</p>\r\n','[{\"category\":\"Thông số cơ bản\",\"list\":[{\"name\":\"Màn hình :\",\"value\":\"	5.5 inch ( 3840 x 2160 pixels)\"},{\"name\":\"Camera :\",\"value\":\"	Chính: 19.0 MP, Phụ: 13.0 MP\"},{\"name\":\"RAM :\",\"value\":\"	4 GB\"},{\"name\":\"Bộ nhớ trong\",\"value\":\"	UFS 64 GB\"},{\"name\":\"Hệ điều hành :\",\"value\":\"	Android OS, v7.1 (Nougat)\"},{\"name\":\"Chipset \",\"value\":\"	Qualcomm Snapdragon 835\"},{\"name\":\"Kích thước \",\"value\":\"156 x 77 x 7.9 mm\"}]}]'),(4,1000,'2017-09-16 22:46:11','<p><a href=\"https://fptshop.com.vn/dien-thoai/iphone-7-128gb?version=2\">iPhone 7 đỏ 256GB</a>&nbsp;(iPhone 7 red) ra mắt một c&aacute;ch &acirc;m thầm đầy bất ngờ đ&atilde; khiến người h&acirc;m mộ sửng sốt. Một iPhone 7 mới n&agrave;y kh&ocirc;ng n&acirc;ng cấp về cấu h&igrave;nh nhưng mang bộ &aacute;o đỏ rực rỡ v&agrave; đẹp một c&aacute;ch tinh tế khiến bất kỳ ai cũng mơ ước muốn được sở hữu.</p>\r\n\r\n<p>&nbsp;</p>\r\n\r\n<p><strong>Thiết kế ho&agrave;n thiện, nổi bật</strong></p>\r\n\r\n<p>&nbsp;</p>\r\n\r\n<p><img alt=\"iPhone 7 đỏ 256gb có thiết kế hoàn thiện, nổi bật\" id=\"iPhone 7 đỏ 256gb có thiết kế hoàn thiện, nổi bật\" longdesc=\"https://fptshop.com.vn/dien-thoai/iphone-7-256gb\" src=\"https://fptshop.com.vn/Uploads/Originals/2017/7/12/636354627109972073_HASP-IPHONE-7-256GB-00269752%20(13).jpg\" title=\"iPhone 7 đỏ 256gb có thiết kế hoàn thiện, nổi bật\" /></p>\r\n\r\n<p>&nbsp;</p>\r\n\r\n<p>Về thiết kế, vẫn l&agrave; nh&ocirc;m nguy&ecirc;n khối liền lạc nhưng so với iPhone 6/6s th&igrave; iPhone 7 đỏ đ&atilde; c&oacute; những n&eacute;t thay đổi tinh tế khi đưa hai dải ăng-ten l&ecirc;n s&aacute;t hai cạnh tr&ecirc;n dưới, đồng thời bỏ đi jack cắm tai nghe 3.5 mm. Điểm nhấn ấn tượng nhất về ngoại h&igrave;nh của iPhone 7 đỏ đ&oacute; l&agrave; m&agrave;u đỏ rực rỡ liền mạch đầy cuốn h&uacute;t.Tuy nhi&ecirc;n, rất nhiều &yacute; kiến cho rằng, nếu cả mặt trước của sản phẩm cũng đỏ hoặc đen th&igrave; chắc hẳn sẽ c&ograve;n đẹp hơn nữa.</p>\r\n\r\n<p>&nbsp;</p>\r\n\r\n<p><strong>M&agrave;n h&igrave;nh s&aacute;ng hơn, nhiều m&agrave;u sắc hơn</strong></p>\r\n\r\n<p>&nbsp;</p>\r\n\r\n<p><img alt=\"iPhone 7 đỏ 256gb với màn hình sáng hơn, nhiều màu sắc hơn\" id=\"iPhone 7 đỏ 256gb với màn hình sáng hơn, nhiều màu sắc hơn\" longdesc=\"https://fptshop.com.vn/dien-thoai/iphone-7-256gb\" src=\"https://fptshop.com.vn/Uploads/Originals/2017/7/12/636354627109660071_HASP-IPHONE-7-256GB-00269752%20(12).jpg\" title=\"iPhone 7 đỏ 256gb với màn hình sáng hơn, nhiều màu sắc hơn\" /></p>\r\n\r\n<p>&nbsp;</p>\r\n\r\n<p>iPhone 7 đỏ cũng c&oacute; m&agrave;n h&igrave;nh 4.7 inch độ ph&acirc;n giải 750x1334 pixels tương tự iPhone 6s, như vậy về k&iacute;ch thước tổng thể ch&uacute;ng ta kh&ocirc;ng c&oacute; g&igrave; thay đổi. Tuy nhi&ecirc;n, tấm nền m&agrave;n h&igrave;nh mới đ&atilde; được bổ sung th&ecirc;m 25% độ s&aacute;ng, đạt mức cao nhất 625 nits c&ugrave;ng khả năng t&aacute;i tạo m&agrave;u sắc, gam m&agrave;u rộng hơn v&agrave; hỗ trợ 3D Touch.</p>\r\n','[{\"category\":\"Thông số cơ bản\",\"list\":[{\"name\":\"Màn hình :\",\"value\":\"	4.7 inch (1334 x 750 pixels)\"},{\"name\":\"Camera :\",\"value\":\"	Chính: 12.0 MP, Phụ: 7.0 MP\"},{\"name\":\"RAM :\",\"value\":\"	2 GB\"}]},{\"category\":\"Màn hình\",\"list\":[{\"name\":\"Công nghệ màn hình :\",\"value\":\"	Retina\"},{\"name\":\"Màu màn hình :\",\"value\":\"	16 Triệu màu\"}]}]'),(5,123,'2017-09-16 22:53:44','<h2><a href=\"https://fptshop.com.vn/dien-thoai/oppo-f3?version=2\" target=\"_blank\">OPPO F3</a>&nbsp;l&agrave; biến thể nhỏ gọn hơn của OPPO F3 Plus, nổi bật với camera selfie k&eacute;p ph&iacute;a trước với 2 cảm biến 16 MP v&agrave; 8 MP, hỗ trợ chụp ảnh selfie g&oacute;c rộng rất tốt.</h2>\r\n\r\n<p>&nbsp;</p>\r\n\r\n<h3><strong>Camera cực n&eacute;t, selfie g&oacute;c rộng</strong></h3>\r\n\r\n<p>&nbsp;</p>\r\n\r\n<h3><img alt=\"oppo-f3\" longdesc=\"https://fptshop.com.vn/dien-thoai/oppo-f3\" src=\"https://fptshop.com.vn/Uploads/Originals/2017/6/6/636323562421531567_Khui-hop-F3-black-12.JPG\" title=\"oppo-f3\" /></h3>\r\n\r\n<p>&nbsp;</p>\r\n\r\n<p><a href=\"https://fptshop.com.vn/dien-thoai/oppo?version=2\" target=\"_blank\">OPPO</a>&nbsp;F3 trang bị cho điện thoại hệ thống camera k&eacute;p ở ph&iacute;a trước với một ống k&iacute;nh độ ph&acirc;n giải 16 MP, g&oacute;c rộng 76.4 độ v&agrave; một ống k&iacute;nh độ ph&acirc;n giải 8 MP c&oacute; g&oacute;c rộng l&ecirc;n đến 120 độ, hỗ trợ selfie nh&oacute;m hiệu qủa hơn. Camera sau độ ph&acirc;n giải 13 MP với hai t&ocirc;ng m&agrave;u LED đ&egrave;n Flash, PDAF, cho những khung h&igrave;nh sống động v&agrave; sắc n&eacute;t nhất.</p>\r\n\r\n<p>&nbsp;</p>\r\n\r\n<h3><strong>Thiết kế kim loại nguy&ecirc;n khối sang trọng</strong></h3>\r\n\r\n<p>&nbsp;</p>\r\n\r\n<h3><strong><img alt=\"oppo-f3\" longdesc=\"https://fptshop.com.vn/dien-thoai/oppo-f3\" src=\"https://fptshop.com.vn/Uploads/Originals/2017/6/6/636323562418567548_Khui-hop-F3-black-07.JPG\" title=\"oppo-f3\" /></strong></h3>\r\n\r\n<p>&nbsp;</p>\r\n\r\n<p>&nbsp;</p>\r\n\r\n<p><a href=\"https://fptshop.com.vn/dien-thoai/oppo-f3?version=2\" target=\"_blank\">F3</a>&nbsp;c&oacute; thiết kế kim loại unibody giống với OPPO F3 Plus v&igrave; vậy n&oacute; kh&aacute; đẹp với chất lượng ho&agrave;n thiện tuyệt vời, bề mặt nh&aacute;m mịn, &iacute;t b&aacute;m v&acirc;n tay. Mặt lưng với dải ăng ten mảnh, tạo điểm nhấn cũng như thu bắt s&oacute;ng tốt hơn.</p>\r\n\r\n<p>&nbsp;</p>\r\n\r\n<h3><strong>M&agrave;n h&igrave;nh lớn, n&acirc;ng cao tầm giải tr&iacute;</strong></h3>\r\n\r\n<p>&nbsp;</p>\r\n\r\n<h3><img alt=\"oppo-f3\" longdesc=\"https://fptshop.com.vn/dien-thoai/oppo-f3\" src=\"https://fptshop.com.vn/Uploads/Originals/2017/6/6/636323562419971557_Khui-hop-F3-black-10.JPG\" title=\"oppo-f3\" /></h3>\r\n\r\n<p>&nbsp;</p>\r\n\r\n<p>&nbsp;</p>\r\n\r\n<p><a href=\"https://fptshop.com.vn/dien-thoai/oppo?version=2\" target=\"_blank\">Điện thoại OPPO</a>&nbsp;F3 c&oacute; m&agrave;n h&igrave;nh 5.5 inch mặt k&iacute;nh cong 2.5D, độ ph&acirc;n giải Full HD, đ&acirc;y sẽ l&agrave; lựa chọn hấp dẫn cho những t&iacute;n đồ th&iacute;ch giải tr&iacute; tr&ecirc;n di động. Viền m&agrave;n h&igrave;nh mỏng cũng như được trang bị lớp&nbsp;<a href=\"https://fptshop.com.vn/tin-tuc/tin-moi/corning-gioi-thieu-kinh-gorilla-glass-5-xoa-tan-noi-lo-vo-man-hinh-dien-thoai-41677?version=2\" target=\"_blank\">k&iacute;nh cường lực Corning Gorilla Glass</a>&nbsp;thế hệ mới nhất, tấm nền IPS cho khả năng t&aacute;i tạo m&agrave;u sắc trung thực, h&igrave;nh ảnh sắc n&eacute;t v&agrave; chi tiết, ngay cả dưới điều kiện &aacute;nh s&aacute;ng mạnh ban ng&agrave;y.</p>\r\n','[{\"category\":\"Thông số cơ bản\",\"list\":[{\"name\":\"Màn hình \",\"value\":\"5.5 inch (1920 x 1080 pixels)\"},{\"name\":\"Camera \",\"value\":\"Chính: 13.0 MP, Phụ: Dual 16.0 MP + 8.0 MP\"},{\"name\":\"RAM \",\"value\":\"4 GB\"}]},{\"category\":\"Màn hình\",\"list\":[{\"name\":\"Công nghệ màn hình \",\"value\":\"IPS LCD\"},{\"name\":\"Màu màn hình\",\"value\":\"16 Triệu màu\"}]}]'),(6,999,'2017-09-16 23:00:21','<h2><a href=\"https://fptshop.com.vn/dien-thoai/oppo-f3?version=2\" target=\"_blank\">OPPO F3</a>&nbsp;l&agrave; biến thể nhỏ gọn hơn của OPPO F3 Plus, nổi bật với camera selfie k&eacute;p ph&iacute;a trước với 2 cảm biến 16 MP v&agrave; 8 MP, hỗ trợ chụp ảnh selfie g&oacute;c rộng rất tốt.</h2>','[{\"category\":\"Thông số cơ bản\",\"list\":[{\"name\":\"CPU :\",\"value\":\"	Intel, Core i7\"},{\"name\":\"RAM :\",\"value\":\"	16 GB, LPDDR3\"},{\"name\":\"Ổ cứng :\",\"value\":\"	SSD, 512 GB\"}]},{\"category\":\"Bộ xử lý\",\"list\":[{\"name\":\"Hãng CPU :\",\"value\":\"	Intel\"},{\"name\":\"Công nghệ CPU :\",\"value\":\"	Core i7\"},{\"name\":\"Loại CPU :\",\"value\":\"	Quad - core\"},{\"name\":\"Tốc độ CPU :\",\"value\":\"	2.9 GHz\"}]}]'),(7,152,'2017-09-16 23:04:42','<h2><a href=\"https://fptshop.com.vn/dien-thoai/oppo-f3?version=2\" target=\"_blank\">OPPO F3</a>&nbsp;l&agrave; biến thể nhỏ gọn hơn của OPPO F3 Plus, nổi bật với camera selfie k&eacute;p ph&iacute;a trước với 2 cảm biến 16 MP v&agrave; 8 MP, hỗ trợ chụp ảnh selfie g&oacute;c rộng rất tốt.</h2>','[{\"category\":\"Thông số cơ bản\",\"list\":[{\"name\":\"CPU :\",\"value\":\"	Intel, Core i5\"},{\"name\":\"RAM :\",\"value\":\"	4 GB, DDR4\"},{\"name\":\"Ổ cứng :\",\"value\":\"	HDD, 500 GB\"},{\"name\":\"Màn hình :\",\"value\":\"	15.6 inch , 1366 x 768 pixels\"},{\"name\":\"Card màn hình\",\"value\":\"	AMD Radeon Graphics, Card rời\"}]}]'),(8,143,'2017-09-16 23:07:58','<h2>Kh&ocirc;ng chỉ g&acirc;y ấn tượng nhờ vẻ ngo&agrave;i hiện đại v&agrave; cực kỳ sang trọng, Laptop Asus GL702VM-BA235 c&ograve;n thu h&uacute;t phần đ&ocirc;ng người d&ugrave;ng bởi cấu h&igrave;nh Intel Core i7-7700HQ mạnh mẽ b&ecirc;n trong. Hơn nữa, d&ograve;ng m&aacute;y t&iacute;nh x&aacute;ch tay n&agrave;y c&ograve;n c&oacute; kiểu d&aacute;ng gọn g&agrave;ng, m&agrave;n h&igrave;nh nhỏ k&iacute;ch thước chỉ 17.3 inches, nhưng hiển thị h&igrave;nh ảnh cực kỳ sắc n&eacute;t, hứa hẹn phục vụ tốt cho nhu cầu học tập, l&agrave;m việc, giải tr&iacute; đa phương tiện v&agrave; nhu cầu di chuyển thường xuy&ecirc;n của người d&ugrave;ng.</h2>\r\n\r\n<p>&nbsp;</p>\r\n\r\n<h3>Thiết kế sang trọng</h3>\r\n\r\n<p>&nbsp;</p>\r\n\r\n<p><strong>Laptop Asus GL702VM-BA235&nbsp;</strong>được thiết kế theo phong c&aacute;ch sang trọng, c&aacute;c g&oacute;c cạnh được bo cong kh&aacute; nhẹ, mang đến vẻ ngo&agrave;i hiện đại, thời trang nhưng cũng kh&ocirc;ng k&eacute;m phần tinh tế v&agrave; thanh lịch.</p>\r\n\r\n<p>&nbsp;</p>\r\n\r\n<p><img alt=\"asus-gl702vm-ba235\" longdesc=\"https://fptshop.com.vn/may-tinh-xach-tay/asus-gl702vm-ba235\" src=\"https://fptshop.com.vn/Uploads/images/2015/SANPHAM/MinhtriBin/08_48_asus-gl702vm-ba235/asus-gl702vm-ba235-3.jpg\" title=\"asus-gl702vm-ba235\" /></p>\r\n\r\n<p>&nbsp;</p>\r\n\r\n<p>M&aacute;y c&oacute; trọng lượng 2.43 Kg c&ugrave;ng k&iacute;ch thước chiều d&agrave;i:420 mm, chiều rộng: 275 mm v&agrave; độ d&agrave;y: 22 mm, gi&uacute;p bạn dễ d&agrave;ng xếp gọn trong giỏ x&aacute;ch hay t&uacute;i du lịch. Ngo&agrave;i ra, những chi tiết kh&aacute;c như bản lề, cổng kết nối... cũng được h&atilde;ng<strong>&nbsp;Asus</strong>&nbsp;ho&agrave;n thiện đ&aacute;ng kể, đảm bảo t&iacute;nh chắc chắn v&agrave; độ bền, k&eacute;o d&agrave;i tuổi thọ cho m&aacute;y.</p>\r\n\r\n<p>&nbsp;</p>\r\n\r\n<h3>M&agrave;n h&igrave;nh 17.3 inches, cho ảnh cực sắc n&eacute;t</h3>\r\n\r\n<p>&nbsp;</p>\r\n\r\n<p><img alt=\"asus-gl702vm-ba235\" longdesc=\"https://fptshop.com.vn/may-tinh-xach-tay/asus-gl702vm-ba235\" src=\"https://fptshop.com.vn/Uploads/images/2015/SANPHAM/MinhtriBin/08_48_asus-gl702vm-ba235/asus-gl702vm-ba235-5.jpg\" title=\"asus-gl702vm-ba235\" /></p>\r\n\r\n<p>&nbsp;</p>\r\n\r\n<p><strong>Laptop Asus GL702VM-BA235</strong>&nbsp;được trang bị m&agrave;n h&igrave;nh kh&aacute; lớn với k&iacute;ch thước 17.3 inches, độ ph&acirc;n giải l&ecirc;n đến 1920 x 1080 pixels, t&iacute;ch hợp c&ocirc;ng nghệ LED Back-lit đảm bảo mang đến cho bạn những h&igrave;nh ảnh sắc n&eacute;t, chi tiết, rất chất lượng, m&agrave;u sắc trung thực v&agrave; sống động, gi&uacute;p người d&ugrave;ng xử l&yacute; c&ocirc;ng việc v&agrave; trải nghiệm giải tr&iacute; th&uacute; vị hơn. Đặc biệt, d&ograve;ng&nbsp;<strong>Asus GL702VM-BA235</strong>&nbsp;c&ograve;n c&oacute; g&oacute;c nh&igrave;n kh&aacute; tốt, để bạn sử dụng, trải nghiệm m&aacute;y dễ d&agrave;ng v&agrave; hiệu quả hơn.</p>\r\n','[{\"category\":\"Thông số cơ bản\",\"list\":[{\"name\":\"CPU :\",\"value\":\"	Intel, Core i7\"},{\"name\":\"RAM :\",\"value\":\"	16 GB, DDR4\"},{\"name\":\"Ổ cứng :\",\"value\":\"	HDD + SSD, 1 TB + 256 GB\"},{\"name\":\"Màn hình :\",\"value\":\"	17.3 inch, 1920 x 1080 pixels\"},{\"name\":\"Card màn hình :\",\"value\":\"	NVIDIA GeForce GTX1060, Card rời\"}]}]'),(9,123,'2017-09-16 23:14:45','<h3>hiết kế si&ecirc;u mỏng nhẹ, thời trang trẻ trung</h3>\r\n\r\n<p><a href=\"https://www.nguyenkim.com/#\">M&aacute;y t&iacute;nh x&aacute;ch tay HP Envy 13</a>-AD074TU (2LR92PA) ho&agrave;n to&agrave;n x&oacute;a ph&ocirc;ng những chiếc m&aacute;y t&iacute;nh HP đời cũ th&ocirc; cục, gồ ghề. HP Envy 13-AD074TU (2LR92PA) g&acirc;y ấn tượng với thiết kế si&ecirc;u mỏng, cực nhẹ, mọi chi tiết, đường n&eacute;t được gia c&ocirc;ng v&ocirc; c&ugrave;ng tinh sảo, thời trang, kết hợp với m&agrave;u sắc nhẹ nh&agrave;ng, trẻ trung trong bạn thật nổi bật v&agrave; phong c&aacute;ch chuy&ecirc;n nghiệp khi sử dụng.</p>\r\n\r\n<p><img alt=\"Máy tính xách tay HP Envy 13-AD074TU (2LR92PA) thiết kế mỏng nhẹ, kiểu dáng thời trang sang trọng\" src=\"http://cdn.nguyenkimmall.com/images/companies/_1/Content/tin-hoc/latop/hp/hp-envy-13-ad074tu-2lr92pa-2.jpg\" /></p>\r\n\r\n<p>Thiết kế mỏng nhẹ, kiểu d&aacute;ng thời trang sang trọng</p>\r\n\r\n<h3>M&agrave;n h&igrave;nh Full HD 13.3 inch</h3>\r\n\r\n<p><a href=\"https://www.nguyenkim.com/HP%20ENVY%2013-AD075TU%20(2LR93PA)\" rel=\"noopener noreferrer\" target=\"_blank\">M&aacute;y t&iacute;nh x&aacute;ch tay HP</a>&nbsp;trang bị m&agrave;n h&igrave;nh 13.3 inch c&oacute; độ ph&acirc;n giải Full HD cho chất lượng h&igrave;nh ảnh, nội dung hiển thị r&otilde; r&agrave;ng, sắc n&eacute;t ch&acirc;n thật. Tấm nền&nbsp;IPS c&oacute; độ tương phản &aacute;nh s&aacute;ng ho&agrave;n hảo, m&agrave;u sắc tốt tăng cường chất lượng h&igrave;nh ảnh vượt trội mang đến trải nghiệm xem phim, chơi game đồ họa 3D cực đỉnh, giải tr&iacute; hấp dẫn tuyệt vời hơn.</p>\r\n\r\n<p><img alt=\"Máy tính xách tay HP Envy 13-AD074TU (2LR92PA) màn hình Full HD 13.3 inch hiển thị hình ảnh cực nét\" src=\"http://cdn.nguyenkimmall.com/images/companies/_1/Content/tin-hoc/latop/hp/hp-envy-13-ad074tu-2lr92pa-3.jpg\" /></p>\r\n\r\n<p>M&agrave;n h&igrave;nh Full HD 13.3 inch hiển thị h&igrave;nh ảnh cực n&eacute;t</p>\r\n\r\n<h3><strong>Hiệu năng hoạt động mạnh mẽ</strong></h3>\r\n\r\n<p>M&aacute;y t&iacute;nh x&aacute;ch tay c&oacute; hiệu năng hoạt động ấn tượng, v&ocirc; c&ugrave;ng mạnh mẽ. M&aacute;y được trang bị bộ vi xử l&yacute; Intel Core i7 7500U, dung lượng RAM 8GB sẽ mang đến hiệu năng mạnh mẽ gi&uacute;p HP Envy 13-AD074TU (2LR92PA) xử l&yacute; nhanh v&agrave; ch&iacute;nh x&aacute;c mọi y&ecirc;u cầu t&aacute;c vụ của người d&ugrave;ng, thực thi đa nhiệm mượt m&agrave;. Tuy m&aacute;y kh&ocirc;ng sở hữu card đồ họa rời nhưng chipset đồ họa t&iacute;ch hợp Intel HD Graphics 620 cũng thừa sức gi&uacute;p bạn l&agrave;m việc mượt m&agrave; với c&aacute;c phần mềm đồ họa chuy&ecirc;n dụng, cũng như chơi được nhiều game 3D chất lượng cao. Cấu h&igrave;nh m&aacute;y mạnh mẽ ph&ugrave; hợp với d&acirc;n c&ocirc;ng nghệ th&ocirc;ng tin, đồ họa, thiết kế...</p>\r\n\r\n<p><img alt=\"Máy tính xách tay HP Envy 13-AD074TU (2LR92PA) có cấu hình máy mạnh mẽ\" src=\"http://cdn.nguyenkimmall.com/images/companies/_1/Content/tin-hoc/latop/hp/hp-envy-13-ad074tu-2lr92pa-4.jpg\" /></p>\r\n\r\n<p><a href=\"https://www.nguyenkim.com/#\">M&aacute;y t&iacute;nh x&aacute;ch tay HP Envy 13</a>-AD074TU (2LR92PA) c&oacute; cấu h&igrave;nh m&aacute;y mạnh mẽ</p>\r\n\r\n<h3>Hệ điều h&agrave;nh&nbsp;Windows 10 Home tuyệt vời</h3>\r\n\r\n<p><a href=\"https://www.nguyenkim.com/#\">M&aacute;y t&iacute;nh x&aacute;ch tay HP Envy 13</a>-AD074TU (2LR92PA) sử dụng hệ điều h&agrave;nh Windows 10 Home thế hệ mới nhất hiện nay c&oacute; giao diện đẹp mắt th&ocirc;ng minh gi&uacute;p bạn bố tr&iacute; c&aacute;c icon khoa học, mang lại hiệu suất c&ocirc;ng việc cao hơn. Hơn thế, hệ điều h&agrave;nh n&agrave;y hỗ trợ m&aacute;y chạy mượt m&agrave; hơn, việc khởi động m&aacute;y cũng như sử dụng cho c&aacute;c thao t&aacute;c&nbsp;Microsoft&nbsp;Office nhanh ch&oacute;ng tiện lợi.</p>\r\n\r\n<p><img alt=\"Hệ điều hành Windows 10 Home hoạt động mượt mà, mới mẻ\" src=\"http://cdn.nguyenkimmall.com/images/companies/_1/Content/tin-hoc/latop/hp/hp-envy-13-ad074tu-2lr92pa-5_1.jpg\" /></p>\r\n\r\n<p>Hệ điều h&agrave;nh Windows 10 Home hoạt động mượt m&agrave;, mới mẻ</p>\r\n\r\n<h3><strong>B&agrave;n ph&iacute;m hiện đại, touchpad nhận biết th&ocirc;ng minh</strong></h3>\r\n\r\n<p><a href=\"https://www.nguyenkim.com/#\">M&aacute;y t&iacute;nh x&aacute;ch tay HP Envy 13</a>-AD074TU (2LR92PA) sở hữu b&agrave;n ph&iacute;m hiện đại với độ nảy hợp l&yacute;, h&agrave;nh tr&igrave;nh ph&iacute;m tốt mang đến sự tiện lợi tối ưu trong qu&aacute; tr&igrave;nh đ&aacute;nh m&aacute;y. Đặc biệt, b&agrave;n ph&iacute;m n&agrave;y c&ograve;n được t&iacute;ch hợp hệ thống đ&egrave;n nền ở ph&iacute;a dưới gi&uacute;p người d&ugrave;ng thao t&aacute;c tốt hơn trong điều kiện thiếu s&aacute;ng. C&ugrave;ng với đ&oacute;, touchpad c&oacute; k&iacute;ch thước lớn, cảm ứng nhạy sẽ hỗ trợ tốt người d&ugrave;ng trong trường hợp kh&ocirc;ng c&oacute; sẵn chuột rời.</p>\r\n\r\n<p><img alt=\"Máy tính xách tay HP Envy 13-AD074TU (2LR92PA) trang bị bàn phím hiện đại\" src=\"data:image/png;base64,iVBORw0KGgoAAAANSUhEUgAAAAEAAAABCAYAAAAfFcSJAAAAAXNSR0IArs4c6QAAAARnQU1BAACxjwv8YQUAAAAJcEhZcwAADsQAAA7EAZUrDhsAAAANSURBVBhXYzh8+PB/AAffA0nNPuCLAAAAAElFTkSuQmCC\" /></p>\r\n\r\n<p>Trang bị b&agrave;n ph&iacute;m hiện đại, thao t&aacute;c cực k&igrave; nhanh nhạy</p>\r\n\r\n<h3>Thời lượng pin đầy ấn tượng</h3>\r\n\r\n<p>HP trang bị cho chiếc&nbsp;<a href=\"https://www.nguyenkim.com/#\">m&aacute;y t&iacute;nh x&aacute;ch tay HP Envy 13</a>-AD074TU (2LR92PA) vi&ecirc;n pin 6 Cell c&oacute; thời lượng pin sử dụng ấn tượng, m&aacute;y hoạt động bền kh&ocirc;ng bị n&oacute;ng, thời gian sử dụng li&ecirc;n tục trong nhiều giờ. Ngo&agrave;i ra, m&aacute;y t&iacute;nh cũng được trang bị đầy đủ c&aacute;c cổng kết nối USB, HDIM...hiện đại, nhằm đ&aacute;p ứng nhu cầu sử dụng chia sẽ v&agrave; kết nối tiện lợi, hỗ trợ tối đa cho việc học tập, l&agrave;m việc v&agrave; giải tr&iacute;.</p>\r\n\r\n<p><img alt=\"Máy tính xách tay HP Envy 13-AD074TU (2LR92PA) thời lượng pin ấn tượng\" src=\"data:image/png;base64,iVBORw0KGgoAAAANSUhEUgAAAAEAAAABCAYAAAAfFcSJAAAAAXNSR0IArs4c6QAAAARnQU1BAACxjwv8YQUAAAAJcEhZcwAADsQAAA7EAZUrDhsAAAANSURBVBhXYzh8+PB/AAffA0nNPuCLAAAAAElFTkSuQmCC\" /></p>\r\n\r\n<p><a href=\"https://www.nguyenkim.com/#\">M&aacute;y t&iacute;nh x&aacute;ch tay HP Envy 13</a>-AD074TU (2LR92PA) thời lượng pin ấn tượng</p>\r\n','[{\"category\":\"Bộ vi xử lý\",\"list\":[{\"name\":\"CPU\",\"value\":\"Intel Core i7\"},{\"name\":\"Loại CPU\",\"value\":\"7500U\"},{\"name\":\"Tốc độ CPU\",\"value\":\" 2.70 GHz\"}]},{\"category\":\"Bộ nhớ\",\"list\":[{\"name\":\"Loại RAM\",\"value\":\"SDRAM DDR3\"},{\"name\":\"Dung lượng RAM\",\"value\":\"8G\"}]}]'),(10,231,'2017-09-16 23:18:43','<h2>Thế hệ&nbsp;MacBook Pro&nbsp;13 inch 2017 ngo&agrave;i việc cập nhật bộ vi xử l&yacute; Intel thế hệ thứ 7 (Kaby Lake) th&igrave; c&ograve;n được n&acirc;ng cấp gấp đ&ocirc;i dung lượng bộ nhớ. Ngo&agrave;i ra thiết kế cũng như một số t&iacute;nh năng nổi bật vẫn kh&ocirc;ng c&oacute; thay đổi so với d&ograve;ng MacBook 2016.<br />\r\n&nbsp;</h2>\r\n\r\n<h3><strong>Thiết kế nổi bật v&agrave; sang trọng</strong></h3>\r\n\r\n<p>&nbsp;</p>\r\n\r\n<p><img alt=\"macbook-pro-13-inch-128gb-2017\" longdesc=\"https://fptshop.com.vn/may-tinh-xach-tay/macbook-pro-13-inch-128gb-2017\" src=\"https://fptshop.com.vn/Uploads/images/2015/SANPHAM/T7/macbook-pro-13-inch-128gb-2017/macbook-pro-13-inch-128gb-2017-1.jpg\" title=\"macbook-pro-13-inch-128gb-2017\" /></p>\r\n\r\n<p>&nbsp;</p>\r\n\r\n<p>Bạn c&oacute; thể nhầm lẫn giữa những chiếc laptop kh&aacute;c nhưng một chiếc MacBook th&igrave; kh&ocirc;ng. Với cải tiến ng&agrave;y c&agrave;ng mỏng v&agrave; nhẹ hơn, tr&ecirc;n body nh&ocirc;m nguy&ecirc;n khối sang trọng. Logo T&aacute;o đặc trưng, c&ugrave;ng những đường n&eacute;t thiết kế đến tối giản nhưng kh&ocirc;ng thiếu phần sắc sảo.</p>\r\n\r\n<p>&nbsp;</p>\r\n\r\n<h3><strong>M&agrave;n h&igrave;nh Retina si&ecirc;u đẹp</strong></h3>\r\n\r\n<p>&nbsp;</p>\r\n\r\n<p><strong><img alt=\"macbook-pro-13-inch-128gb-2017\" longdesc=\"https://fptshop.com.vn/may-tinh-xach-tay/macbook-pro-13-inch-128gb-2017\" src=\"https://fptshop.com.vn/Uploads/images/2015/SANPHAM/T7/macbook-pro-13-inch-128gb-2017/macbook-pro-13-inch-128gb-2017-5.jpg\" title=\"macbook-pro-13-inch-128gb-2017\" /></strong></p>\r\n\r\n<p><br />\r\nĐ&atilde; được đầu tư mạnh mẽ về hiển thị n&ecirc;n MacBook 13 inch 2017 kh&ocirc;ng c&oacute; thay đổi về m&agrave;n h&igrave;nh so với phi&ecirc;n bản 2016 với độ ph&acirc;n giải m&agrave;n h&igrave;nh 2.304 x 1.440px. Độ s&aacute;ng, độ tương phản tốt hơn v&agrave; hiển thị m&agrave;u sắc tốt hơn, đặc biệt với những người chuy&ecirc;n về chỉnh sửa h&igrave;nh ảnh, đồ họa, n&oacute; sẽ gi&uacute;p hiển thị m&agrave;u sắc đ&uacute;ng hơn, r&otilde; n&eacute;t hơn trong mọi điều kiện sử dụng.</p>\r\n\r\n<p>&nbsp;</p>\r\n\r\n<h3><strong>Hiệu năng mạnh mẽ, hoạt động mượt m&agrave;</strong></h3>\r\n\r\n<h3>&nbsp;</h3>\r\n\r\n<h3><strong><img alt=\"macbook-pro-13-inch-128gb-2017\" longdesc=\"https://fptshop.com.vn/may-tinh-xach-tay/macbook-pro-13-inch-128gb-2017\" src=\"https://fptshop.com.vn/Uploads/images/2015/SANPHAM/T7/macbook-pro-13-inch-128gb-2017/macbook-pro-13-inch-128gb-2017-6.jpg\" title=\"macbook-pro-13-inch-128gb-2017\" /></strong><br />\r\n&nbsp;</h3>\r\n\r\n<p>MacBook Pro 13 inch 2017 t&iacute;ch hợp bộ xử l&yacute; Intel Kaby Lake thế hệ thứ 7, core i5, tốc độ 2.3 GHz c&ugrave;ng dung lượng RAM 8 GB, 128 GB SSD lưu trữ. Apple cũng tuy&ecirc;n bố rằng h&atilde;ng đ&atilde; t&iacute;ch hợp&nbsp;ổ cứng SSD&nbsp;(solid-state storage) c&oacute; tốc độ nhanh gấp đ&ocirc;i, đồng nghĩa với việc dữ liệu được xử l&yacute; nhanh ch&oacute;ng v&agrave; mượt m&agrave; hơn, cụ thể l&agrave; nhanh hơn 21% trong c&aacute;c t&aacute;c vụ l&otilde;i đơn v&agrave; 30% trong c&aacute;c t&aacute;c vụ đa l&otilde;i.</p>\r\n','[{\"category\":\"Thông số cơ bản\",\"list\":[{\"name\":\"CPU \",\"value\":\"Intel, Core i5\"},{\"name\":\"RAM \",\"value\":\"8 GB, LPDDR3\"},{\"name\":\"Ổ cứng\",\"value\":\"SSD, 128 GB\"},{\"name\":\"Màn hình \",\"value\":\"13.3 inch, 2560 x 1600 pixels\"}]},{\"category\":\"Giao tiếp mạng\",\"list\":[{\"name\":\"LAN \",\"value\":\"802.11ac Wi-Fi wireless networking\"},{\"name\":\"Chuẩn Wi-Fi :\",\"value\":\"IEEE 802.11a/b/g/n compatible\"}]}]'),(11,99,'2017-10-25 17:51:14','<h2><strong>Huawei GR5 2017 Pro với thiết kế mới c&ugrave;ng bộ đ&ocirc;i camera k&eacute;p ấn tượng được n&acirc;ng cấp về cấu h&igrave;nh so với Huawei GR5 2017 sẽ l&agrave; lựa chọn s&aacute;ng gi&aacute; cho người d&ugrave;ng.</strong></h2>\r\n\r\n<p><a href=\"https://www.thegioididong.com/images/42/89161/huawei-gr5-20173.jpg\" onclick=\"return false;\"><img alt=\"Huawei GR5 2017 sang trọng và thời trang\" src=\"https://cdn4.tgdd.vn/Products/Images/42/89161/huawei-gr5-20173.jpg\" title=\"Huawei GR5 2017 sang trọng và thời trang\" /></a></p>\r\n\r\n<p>Tương tự như đ&agrave;n anh, Huawei GR5 2017 Pro được thiết kế từ kim loại nguy&ecirc;n khối m&agrave;u v&agrave;ng gold v&agrave; x&aacute;m kh&aacute; mạnh mẽ nhưng kh&ocirc;ng k&eacute;m phần sang trọng.</p>\r\n\r\n<p>Mặt lưng của m&aacute;y được bo cong mềm mại về c&aacute;c cạnh cũng như c&aacute;c g&oacute;c được v&aacute;t cong gi&uacute;p m&aacute;y cầm nắm chắc chắn v&agrave; &ocirc;m tay hơn.</p>\r\n\r\n<p><a href=\"https://www.thegioididong.com/images/42/89161/huawei-gr5-20179.jpg\" onclick=\"return false;\"><img alt=\"Mặt lưng bo cong về các cạnh\" src=\"https://cdn1.tgdd.vn/Products/Images/42/89161/huawei-gr5-20179.jpg\" title=\"Mặt lưng bo cong về các cạnh\" /></a></p>\r\n\r\n<p><em>Mặt lưng bo cong về c&aacute;c cạnh</em></p>\r\n\r\n<h3><strong>Hiệu năng mạnh mẽ</strong></h3>\r\n\r\n<p><a href=\"https://www.thegioididong.com/dtdd-huawei\" target=\"_blank\" title=\"Điện thoại Huawei\">Huawei</a>&nbsp;GR5 2017 Pro được trang bị m&agrave;n h&igrave;nh 5.5 inch Full HD, m&agrave;n h&igrave;nh cong 2.5D tạo cảm gi&aacute;c lướt tay tr&ecirc;n m&agrave;n h&igrave;nh rất th&iacute;ch, m&agrave;n h&igrave;nh chống trầy xước hiệu quả.</p>\r\n\r\n<p>Ngo&agrave;i ra m&aacute;y c&ograve;n được cung cấp sức mạnh bởi chip 8 nh&acirc;n, RAM n&acirc;ng l&ecirc;n 4 GB c&ugrave;ng bộ nhớ trong tăng gấp đ&ocirc;i với dung lượng 64 GB.</p>\r\n\r\n<p><a href=\"https://www.thegioididong.com/images/42/89161/huawei-gr5-20175.jpg\" onclick=\"return false;\"><img alt=\"Hiệu năng mạnh mẽ với 3 GB RAM\" src=\"https://cdn3.tgdd.vn/Products/Images/42/89161/huawei-gr5-20175.jpg\" title=\"Hiệu năng mạnh mẽ với 3 GB RAM\" /></a></p>\r\n\r\n<p><em>Hiệu năng mạnh mẽ với 4 GB RAM</em></p>\r\n\r\n<p>Trong ph&acirc;n kh&uacute;c khoảng 7 triệu đồng th&igrave; đ&acirc;y sẽ l&agrave; một đối thủ &quot;đ&aacute;ng gờm&quot; m&agrave; c&aacute;c &quot;kẻ huỷ diệt&quot;&nbsp;<a href=\"https://www.thegioididong.com/dtdd/samsung-galaxy-j7-prime\" target=\"_blank\" title=\"Thông tin điện thoại Samsung Galaxy J7 Prime\">Galaxy J7 Prime</a>&nbsp;v&agrave; &quot;chuy&ecirc;n gia selfie&quot; OPPO F1s 2017 phải d&egrave; chừng.</p>\r\n\r\n<p>&nbsp;</p>\r\n\r\n<p><strong>❝</strong>Máy chạy mượt, đa nhi&ecirc;̣m t&ocirc;́t, ảnh chụp màu sắc tự nhi&ecirc;n, kh&ocirc;ng bị rực. Tuy nhi&ecirc;n ch&acirc;́t lượng ảnh trong đi&ecirc;̀u ki&ecirc;̣n thi&ecirc;́u sáng ch&acirc;́t lượng khá kém, v&acirc;n tay cực kì nhạy<strong>❞</strong></p>\r\n\r\n<p><strong>Thanh L&acirc;m</strong>&nbsp;- Cầu Giấy, H&agrave; NộiĐ&atilde; mua tại Thế giới di động</p>\r\n\r\n<p>&nbsp;</p>\r\n\r\n<h3><strong>Bộ đ&ocirc;i camera ấn tượng</strong></h3>\r\n\r\n<p>Camera ch&iacute;nh được đặt ở mặt lưng của thiết bị n&agrave;y v&agrave; l&agrave; bộ đ&ocirc;i camera 12 MP v&agrave; 2 MP c&oacute; khả năng chụp xo&aacute; ph&ocirc;ng được đặt hơi nh&ocirc; l&ecirc;n v&agrave; được bảo vệ bởi một viền được cắt kim cương kh&aacute; tinh tế.</p>\r\n\r\n<p><a href=\"https://www.thegioididong.com/images/42/89161/huawei-gr5-20176.jpg\" onclick=\"return false;\"><img alt=\"Bộ đôi camera chính ở mặt lưng\" src=\"https://cdn.tgdd.vn/Products/Images/42/89161/huawei-gr5-20176.jpg\" title=\"Bộ đôi camera chính ở mặt lưng\" /></a></p>\r\n\r\n<p><em>Bộ đ&ocirc;i camera ch&iacute;nh ở mặt lưng</em></p>\r\n\r\n<p>Bộ đ&ocirc;i camera n&agrave;y c&oacute; thể gi&uacute;p m&aacute;y đo chiều s&acirc;u của ảnh tốt hơn qua đ&oacute; cho bạn những bức ảnh chụp x&oacute;a ph&ocirc;ng với phần hậu cảnh được l&agrave;m mờ kh&aacute; ấn tượng.</p>\r\n\r\n<p><a href=\"https://www.thegioididong.com/images/42/89161/huawei-gr5-20177.jpg\" onclick=\"return false;\"><img alt=\"Giao diện camera của máy\" src=\"https://cdn2.tgdd.vn/Products/Images/42/89161/huawei-gr5-20177.jpg\" title=\"Giao diện camera của máy\" /></a></p>\r\n\r\n<p><em>Giao diện camera của m&aacute;y</em></p>\r\n\r\n<p>Camera trước của m&aacute;y cũng c&oacute; độ ph&acirc;n giải lớn l&ecirc;n tới 8 MP c&ugrave;ng t&iacute;nh năng l&agrave;m đẹp được t&iacute;ch hợp sẵn hứa hẹn cũng sẽ cho bạn những bức ảnh tự sướng ảo diệu.</p>\r\n\r\n<p><a href=\"https://www.thegioididong.com/images/42/89161/huawei-gr5-20172.jpg\" onclick=\"return false;\"><img alt=\"Một hình ảnh được chụp ở điều kiện trong nhà\" src=\"https://cdn4.tgdd.vn/Products/Images/42/89161/huawei-gr5-20172.jpg\" title=\"Một hình ảnh được chụp ở điều kiện trong nhà\" /></a></p>\r\n\r\n<p><em>Một h&igrave;nh ảnh được chụp ở điều kiện trong nh&agrave;</em></p>\r\n\r\n<p><a href=\"https://www.thegioididong.com/images/42/89161/huawei-gr5-20171.jpg\" onclick=\"return false;\"><img alt=\"Khả năng xóa phông của máy\" src=\"https://cdn1.tgdd.vn/Products/Images/42/89161/huawei-gr5-20171.jpg\" title=\"Khả năng xóa phông của máy\" /></a></p>\r\n\r\n<p><em>Khả năng x&oacute;a ph&ocirc;ng của m&aacute;y</em></p>\r\n\r\n<h3><strong>Cảm biến v&acirc;n tay nhạy</strong></h3>\r\n\r\n<p>M&aacute;y sở hữu cho m&igrave;nh cảm biến v&acirc;n tay một chạm được đặt ở mặt lưng với tốc độ nhận diện rất nhanh kh&ocirc;ng thua k&eacute;m c&aacute;c smartphone cao cấp tr&ecirc;n thị trường.</p>\r\n\r\n<p><a href=\"https://www.thegioididong.com/images/42/89161/huawei-gr5-20174.jpg\" onclick=\"return false;\"><img alt=\"Cảm biến vân tay có tốc độ nhanh chóng\" src=\"https://cdn3.tgdd.vn/Products/Images/42/89161/huawei-gr5-20174.jpg\" title=\"Cảm biến vân tay có tốc độ nhanh chóng\" /></a></p>\r\n\r\n<p><em>Cảm biến v&acirc;n tay c&oacute; tốc độ nhanh ch&oacute;ng</em></p>\r\n\r\n<p>Huawei GR5 2017 Pro cũng hỗ trợ kết nối&nbsp;<a href=\"https://www.thegioididong.com/hoi-dap/4g-la-gi-731757\" target=\"_blank\" title=\"Tìm hiểu kết nối 4G\">4G</a>&nbsp;tốc độ cao cho bạn tải xuống nội dung nhanh ch&oacute;ng từ internet.</p>\r\n','[{\"category\":\"Màn hình\",\"list\":[{\"name\":\"Công nghệ màn hình\",\"value\":\"IPS LCD\"},{\"name\":\"Độ phân giải\",\"value\":\"Full HD (1080 x 1920 pixels)\"},{\"name\":\"Màn hình rộng\",\"value\":\"5.5\\\"\"},{\"name\":\"Mặt kính cảm ứng\",\"value\":\"Kính chống xước\"}]},{\"category\":\"Camera sau\",\"list\":[{\"name\":\"Độ phân giải\",\"value\":\"12 MP và 2 MP (2 camera)\"},{\"name\":\"Quay phim\",\"value\":\"	Quay phim FullHD 1080p@30fps\"},{\"name\":\"Đèn Flash\",\"value\":\"	Có\"},{\"name\":\"Chụp ảnh nâng cao\",\"value\":\"	Chụp ảnh xóa phông, Tự động lấy nét, Chạm lấy nét, Nhận diện khuôn mặt, HDR, Panorama\"}]},{\"category\":\"Camera trước\",\"list\":[{\"name\":\"Độ phân giải\",\"value\":\"	8 MP\"},{\"name\":\"Videocall\",\"value\":\"	Hỗ trợ VideoCall thông qua ứng dụng\"},{\"name\":\"Thông tin khác\",\"value\":\"	Nhận diện khuôn mặt, Chế độ làm đẹp, Quay video HD, Camera góc rộng\"}]},{\"category\":\"Hệ điều hành - CPU\",\"list\":[{\"name\":\"Hệ điều hành\",\"value\":\"	Android 6.0 (Marshmallow)\"},{\"name\":\"Chipset (hãng SX CPU)\",\"value\":\"HiSilicon Kirin 655\"},{\"name\":\"Tốc độ CPU\",\"value\":\"4 nhân 2.1 GHz và 4 nhân 1.7 GHz\"},{\"name\":\"Chip đồ họa (GPU)\",\"value\":\"	Mali-T830\"}]}]'),(12,97,'2017-10-25 18:19:26','<h2>Huawei đ&atilde; ch&iacute;nh thức giới thiệu đến người d&ugrave;ng điện thoại mới mang t&ecirc;n Y7 Prime, mẫu smartphone kế nhiệm của Y6 Prime được ra mắt v&agrave;o năm ngo&aacute;i.</h2>\r\n\r\n<h3><strong>Thiết kế cao cấp</strong></h3>\r\n\r\n<p>Thiết kế của chiếc Y7 Prime được thừa hưởng nhiều n&eacute;t từ người đ&agrave;n anh&nbsp;<a href=\"https://www.thegioididong.com/dtdd/huawei-gr5-2017\" target=\"_blank\" title=\"Huawei GR5 2017\">GR5 2017</a>&nbsp;với&nbsp;mặt lưng được l&agrave;m ho&agrave;n to&agrave;n bằng kim loại, khung m&aacute;y được gia c&ocirc;ng tỉ mỉ.</p>\r\n\r\n<p><a href=\"https://www.thegioididong.com/images/42/105928/huawei-y7-prime4.jpg\" onclick=\"return false;\"><img alt=\"Thiết kế thời trang\" src=\"https://cdn2.tgdd.vn/Products/Images/42/105928/huawei-y7-prime4.jpg\" title=\"Thiết kế thời trang\" /></a></p>\r\n\r\n<p><em>Thiết kế thời trang</em></p>\r\n\r\n<p>Y7 Prime sở hữu m&agrave;n h&igrave;nh 5.5 inch độ ph&acirc;n giải HD, được l&agrave;m cong 2.5D tạo n&ecirc;n vẻ b&oacute;ng bẩy v&agrave; sang trọng.</p>\r\n\r\n<p><a href=\"https://www.thegioididong.com/images/42/105928/huawei-y7-prime8.jpg\" onclick=\"return false;\"><img alt=\"Màn hình kích thước lớn\" src=\"https://cdn4.tgdd.vn/Products/Images/42/105928/huawei-y7-prime8.jpg\" title=\"Màn hình kích thước lớn\" /></a></p>\r\n\r\n<p><em>M&agrave;n h&igrave;nh k&iacute;ch thước lớn</em></p>\r\n\r\n<p>Phần viền m&agrave;n h&igrave;nh của m&aacute;y được l&agrave;m kh&aacute; mỏng khiến tổng thể thiết kế của m&aacute;y kh&ocirc;ng qu&aacute; lớn so với k&iacute;ch thước m&agrave;n h&igrave;nh.</p>\r\n\r\n<p><a href=\"https://www.thegioididong.com/images/42/105928/huawei-y7-prime6.jpg\" onclick=\"return false;\"><img alt=\"Cảm biến vân tay nhạy\" src=\"https://cdn1.tgdd.vn/Products/Images/42/105928/huawei-y7-prime6.jpg\" title=\"Cảm biến vân tay nhạy\" /></a></p>\r\n\r\n<p><em>Cảm biến v&acirc;n tay nhạy</em></p>\r\n\r\n<p>Mặt lưng của m&aacute;y l&agrave; nơi xuất hiện của&nbsp;cụm cảm biến v&acirc;n tay một chạm với tốc độ mở kh&oacute;a nhanh chỉ 0.2 gi&acirc;y.</p>\r\n\r\n<h3><strong>Hiệu năng ổn định</strong></h3>\r\n\r\n<p>Huawei Y7 Prime được trang bị vi xử l&yacute;&nbsp;<a href=\"https://www.thegioididong.com/tin-tuc/qualcomm-cong-bo-loat-chip-snapdragon-moi-785447\" target=\"_blank\" title=\"Tìm hiểu chip Snapdragon 435\">Snapdragon 435 8 nh&acirc;n</a>, xung nhịp 1.4 GHz cho ph&eacute;p người d&ugrave;ng c&oacute; thể trải nghiệm thoải m&aacute;i mọi t&aacute;c vụ cơ bản.</p>\r\n\r\n<p><a href=\"https://www.thegioididong.com/images/42/105928/huawei-y7-prime2.jpg\" onclick=\"return false;\"><img alt=\"Hiệu năng đủ dùng\" src=\"https://cdn3.tgdd.vn/Products/Images/42/105928/huawei-y7-prime2.jpg\" title=\"Hiệu năng đủ dùng\" /></a></p>\r\n\r\n<p><em>Hiệu năng đủ d&ugrave;ng</em></p>\r\n\r\n<p>RAM 3 GB kết hợp với bộ nhớ&nbsp;32 GB, c&oacute; thể mở rộng bằng&nbsp;<a href=\"https://www.thegioididong.com/the-nho-dien-thoai\" target=\"_blank\" title=\"Thẻ nhớ điện thoại\">thẻ nhớ</a>&nbsp;ngo&agrave;i l&ecirc;n tới 256 GB gi&uacute;p bạn c&oacute; thể c&agrave;i đặt thỏa th&iacute;ch nhiều game v&agrave; ứng dụng l&ecirc;n m&aacute;y để sử dụng.</p>\r\n\r\n<p><a href=\"https://www.thegioididong.com/images/42/105928/huawei-y7-prime1.jpg\" onclick=\"return false;\"><img alt=\"Dung lượng lưu trữ thoải mái\" src=\"https://cdn.tgdd.vn/Products/Images/42/105928/huawei-y7-prime1.jpg\" title=\"Dung lượng lưu trữ thoải mái\" /></a></p>\r\n\r\n<p><em>Dung lượng lưu trữ thoải m&aacute;i</em></p>\r\n\r\n<p>Ngo&agrave;i ra m&aacute;y c&ograve;n sở hữu cho m&igrave;nh giao diện&nbsp;EMUI 5.1 tr&ecirc;n nền tảng&nbsp;<a href=\"https://www.thegioididong.com/tin-tuc/10-tinh-nang-tuyet-voi-tren-android-7-0-se-khien-ban-phat-cuong-phan-1--931000\" target=\"_blank\" title=\"Tìm hiểu Android 7.0\">Android 7.0</a>&nbsp;mới nhất hiện nay đem lại trải nghiệm mới mẻ cho người d&ugrave;ng.</p>\r\n\r\n<h3><strong>Camera chất lượng tốt</strong></h3>\r\n\r\n<p>Camera ch&iacute;nh của m&aacute;y c&oacute; độ ph&acirc;n giải 12 MP, với ống k&iacute;nh khẩu độ f/2.2, t&iacute;ch hợp c&ocirc;ng nghệ lấy n&eacute;t theo pha hứa hẹn sẽ mang đến những bức ảnh chất lượng tốt c&ugrave;ng m&agrave;u sắc h&agrave;i h&ograve;a.</p>\r\n\r\n<p><a href=\"https://www.thegioididong.com/images/42/105928/huawei-y7-prime7.jpg\" onclick=\"return false;\"><img alt=\"Giao diện camera đơn giản, dễ sử dụng\" src=\"https://cdn2.tgdd.vn/Products/Images/42/105928/huawei-y7-prime7.jpg\" title=\"Giao diện camera đơn giản, dễ sử dụng\" /></a></p>\r\n\r\n<p><em>Giao diện camera đơn giản, dễ sử dụng</em></p>\r\n\r\n<p>Camera trước cũng c&oacute; độ ph&acirc;n giải lớn l&ecirc;n tới 8 MP kết hợp với phần mềm l&agrave;m đẹp được t&iacute;ch hợp sẵn th&igrave; sẽ kh&ocirc;ng l&agrave;m cho c&aacute;c t&iacute;n đồ tự sướng phải thất vọng.</p>\r\n\r\n<p><a href=\"https://www.thegioididong.com/images/42/105928/huawei-y7-prime9.jpg\" onclick=\"return false;\"><img alt=\"Chất lượng ảnh tốt\" src=\"https://cdn4.tgdd.vn/Products/Images/42/105928/huawei-y7-prime9.jpg\" title=\"Chất lượng ảnh tốt\" /></a></p>\r\n\r\n<p><em>Chất lượng ảnh tốt</em></p>\r\n\r\n<h3><strong>Dung lượng pin khủng</strong></h3>\r\n\r\n<p>Với vi&ecirc;n pin rất khủng tới 4000mAh th&igrave;&nbsp;<a href=\"https://www.thegioididong.com/dtdd-huawei\" target=\"_blank\" title=\"Điện thoại Huawei\">Huawei</a>&nbsp;Y7 Prime ho&agrave;n to&agrave;n c&oacute; thể đ&aacute;p ứng cho bạn nhu cầu sử dụng l&ecirc;n tới 2 ng&agrave;y.</p>\r\n\r\n<p><a href=\"https://www.thegioididong.com/images/42/105928/huawei-y7-prime5.jpg\" onclick=\"return false;\"><img alt=\"Thoải mái trải nghiệm trong nhiều ngày\" src=\"https://cdn1.tgdd.vn/Products/Images/42/105928/huawei-y7-prime5.jpg\" title=\"Thoải mái trải nghiệm trong nhiều ngày\" /></a></p>\r\n\r\n<p><em>Thoải m&aacute;i trải nghiệm trong nhiều ng&agrave;y</em></p>\r\n\r\n<p>Với cấu h&igrave;nh tốt, thiết kế sang trọng th&igrave;&nbsp;Huawei Y7 Prime l&agrave; một sự lựa chọn tốt cho ph&acirc;n kh&uacute;c smartphone tầm trung gi&aacute; rẻ.</p>\r\n','[{\"category\":\"Màn hình\",\"list\":[{\"name\":\"Công nghệ màn hình\",\"value\":\"IPS LCD\"},{\"name\":\"Công nghệ màn hình\",\"value\":\"HD (720 x 1280 pixels)\"},{\"name\":\"Màn hình rộng\",\"value\":\"5.5\\\"\"},{\"name\":\"Mặt kính cảm ứng\",\"value\":\"Kính thường\"}]},{\"category\":\"Camera sau\",\"list\":[{\"name\":\"Độ phân giải	\",\"value\":\"12 MP\"},{\"name\":\"Quay phim\",\"value\":\"Quay phim FullHD 1080p@30fps\"},{\"name\":\"Đèn Flash\",\"value\":\"Có\"},{\"name\":\"Chụp ảnh nâng cao	\",\"value\":\"Tự động lấy nét, Chạm lấy nét, Nhận diện khuôn mặt, HDR, Panorama\"}]},{\"category\":\"Hệ điều hành - CPU\",\"list\":[{\"name\":\"Hệ điều hành\",\"value\":\"	Android 7.0\"},{\"name\":\"Chipset (hãng SX CPU)\",\"value\":\"Snapdragon 435 8 nhân\"},{\"name\":\"Tốc độ CPU\",\"value\":\"1.4 GHz\"}]}]'),(13,98,'2017-10-25 18:31:15','<h3>Đ&aacute;nh gi&aacute; chi tiết Sony Xperia XZ Premium</h3>\r\n\r\n<p>Tiếp nối sự th&agrave;nh c&ocirc;ng của d&ograve;ng sản phẩm Sony Xperia XZ, Sony tiếp tục giới thiệu đến người d&ugrave;ng phi&ecirc;n bản n&acirc;ng cấp của n&oacute; với t&ecirc;n gọi l&agrave;&nbsp;<a href=\"https://fptshop.com.vn/dien-thoai/sony-xperia-xz-premium\" target=\"_blank\">Sony Xperia XZ Premium</a>. Sản phẩm sở hữu nhiều sự thay đổi với c&ocirc;ng nghệ m&agrave;n h&igrave;nh 4K HDR c&ugrave;ng cảm biến h&igrave;nh ảnh mới Motion Eye, bộ vi xử l&yacute; mới mạnh mẽ c&ugrave;ng nhiều t&iacute;nh năng vượt trội kh&aacute;c đang chờ bạn kh&aacute;m ph&aacute;.</p>\r\n\r\n<h3>&nbsp;</h3>\r\n\r\n<h3><strong>Kiểu d&aacute;ng đẹp, c&aacute;c cạnh được bo tr&ograve;n tinh tế</strong></h3>\r\n\r\n<p>&nbsp;</p>\r\n\r\n<p>Xperia XZ Premium vẫn sở hữu bộ khung kim loại từ người tiền nhiệm nhưng mặt trước v&agrave; mặt sau của sản phẩm đ&atilde; được Sony thay mặt k&iacute;nh Gorilla Glass 5 gi&uacute;p m&aacute;y tăng độ cứng c&aacute;p v&agrave; giảm rủi ro khi rớt m&aacute;y. Đồng thời, hai cạnh b&ecirc;n của m&aacute;y cũng được bo cong thay v&igrave; l&agrave;m phẳng như c&aacute;c sản phẩm trước.</p>\r\n\r\n<p>&nbsp;</p>\r\n\r\n<p><img alt=\"Thiết kế Sony Xpreia XZ Premuin\" longdesc=\"https://fptshop.com.vn/dien-thoai/sony-xperia-xz-premium\" src=\"https://fptshop.com.vn/Uploads/Originals/2017/6/12/636328829129589269_XZ-Premium-15.jpg\" title=\"sony-xperia-xz-premium\" /></p>\r\n\r\n<p>&nbsp;</p>\r\n\r\n<p>B&ecirc;n cạnh đ&oacute;, Sony XZ Premium c&ograve;n sở hữu một k&iacute;ch thước tổng thể kh&aacute; vừa vặn với c&aacute;c th&ocirc;ng số lần lượt l&agrave; 156 x 77 x 7.9 mm c&ugrave;ng trọng lượng chỉ 195g gi&uacute;p người d&ugrave;ng dễ d&agrave;ng cầm nắm hay mang theo b&ecirc;n m&igrave;nh. Ngo&agrave;i ra, XZ Premium cũng được t&iacute;ch hợp chức năng qu&eacute;t dấu v&acirc;n tay ngay tr&ecirc;n ph&iacute;m nguồn.</p>\r\n\r\n<p>&nbsp;</p>\r\n\r\n<h3><strong>M&agrave;n h&igrave;nh sắc n&eacute;t với độ ph&acirc;n giải 4K</strong></h3>\r\n\r\n<p>&nbsp;</p>\r\n\r\n<p><img alt=\"Màn hình Xperia XZ Premium\" longdesc=\"https://fptshop.com.vn/dien-thoai/sony-xperia-xz-premium\" src=\"https://fptshop.com.vn/Uploads/Originals/2017/6/12/636328829128653263_XZ-Premium-14.jpg\" title=\"sony-xperia-xz-premium\" /></p>\r\n\r\n<p>&nbsp;</p>\r\n\r\n<p>Điện thoại Xperia XZ Premium được trang bị m&agrave;n h&igrave;nh LCD k&iacute;ch thước 5.5 inch với độ ph&acirc;n giải 3840 x 2160 pixels, c&ugrave;ng với việc t&iacute;ch hợp tấm nền IPS v&agrave; chuẩn m&agrave;n h&igrave;nh Quad HD gi&uacute;p người d&ugrave;ng c&oacute; thể thưởng thức nội dung với độ tương phản tốt hơn, m&agrave;u sắc đẹp v&agrave; c&aacute;c chi tiết được hiển thị r&otilde; n&eacute;t.</p>\r\n\r\n<p>&nbsp;</p>\r\n\r\n<h3><strong>Cấu h&igrave;nh được n&acirc;ng cấp mạnh mẽ</strong></h3>\r\n\r\n<p>&nbsp;</p>\r\n\r\n<p>Sony Xperia XZ Premium sở hữu bộ vi xử l&yacute; Qualcomm MSM8998 Snapdragon 835 (với 4x2.45 GHz Kryo v&agrave; 4x1.9 GHz Kryo) t&iacute;ch hợp với modem Qualcomm X16 sử dụng mạng 4G LTE Cat 16 đem lại tốc độ tải xuống 1 Gbps v&agrave; tải l&ecirc;n 150 Mbps rất ấn tượng, đồng thời XZ Premium c&ograve;n được trang bị bộ nhớ RAM 4 GB v&agrave; chip đồ họa Adreno 540. Với một cấu h&igrave;nh như vậy, thiết bị dễ d&agrave;ng đ&aacute;p ứng c&aacute;c nhu cầu t&aacute;c vụ của người d&ugrave;ng.</p>\r\n\r\n<p>&nbsp;</p>\r\n\r\n<p><img alt=\"Cấu hình Xperia XZ Premium\" longdesc=\"https://fptshop.com.vn/dien-thoai/sony-xperia-xz-premium\" src=\"https://fptshop.com.vn/Uploads/Originals/2017/6/12/636328829127717257_XZ-Premium-13.jpg\" title=\"sony-xperia-xz-premium\" /></p>\r\n\r\n<p>&nbsp;</p>\r\n\r\n<p>Ngo&agrave;i ra, Xperia XZ Premium c&ograve;n được trang bị bộ nhớ trong 64 GB c&ugrave;ng khả năng mở rộng bằng thẻ nhớ ngo&agrave;i MicroSD với dung lượng hỗ trợ l&ecirc;n đến 256 GB cho ph&eacute;p người d&ugrave;ng thoải m&aacute;i lưu trữ dữ liệu.</p>\r\n\r\n<p>&nbsp;</p>\r\n\r\n<h3><strong>Hệ thống camera mới với nhiều t&iacute;nh năng vượt trội</strong></h3>\r\n\r\n<p>&nbsp;</p>\r\n\r\n<p><img alt=\"Camera Xperia XZ Premium\" longdesc=\"https://fptshop.com.vn/dien-thoai/sony-xperia-xz-premium\" src=\"https://fptshop.com.vn/Uploads/Originals/2017/6/12/636328829125065240_XZ-Premium-11.jpg\" title=\"sony-xperia-xz-premium\" /></p>\r\n\r\n<p>&nbsp;</p>\r\n\r\n<p>Sony Xperia XZ Premium sở hữu camera sau c&oacute; độ ph&acirc;n giải 19 MP v&agrave; camera trước với độ ph&acirc;n giải 13 MP c&ugrave;ng cảm biến mới sử dụng c&ocirc;ng nghệ Exmor RS cho khả năng đọc dữ liệu nhanh hơn 5 lần. Chế độ chụp ảnh tự động th&ocirc;ng minh với t&iacute;nh năng dự đo&aacute;n bối cảnh c&oacute; thể đưa ra nhiều bức ảnh cho người d&ugrave;ng lựa chọn, c&ugrave;ng với cảm biến đo m&agrave;u sắc RGBC-IR đem lại khả năng c&acirc;n bằng trắng tốt hơn.</p>\r\n\r\n<p>&nbsp;</p>\r\n\r\n<h3><strong>Thời lượng pin</strong></h3>\r\n\r\n<p>&nbsp;</p>\r\n\r\n<p>Sony XZ Premium được trang bị pin Li-Ion dung lượng 3230 mAh cho ph&eacute;p người d&ugrave;ng thoải m&aacute;i sử dụng sản phẩm cho giải tr&iacute; hay l&agrave;m việc hằng ng&agrave;y.</p>\r\n','[{\"category\":\"Màn hình\",\"list\":[{\"name\":\"Công nghệ cảm ứng\",\"value\":\"	Cảm ứng điện dung, đa điểm\"},{\"name\":\"Màu màn hình\",\"value\":\"	16 Triệu màu\"},{\"name\":\"Công nghệ màn hình \",\"value\":\"	TRILUMINOS™\"},{\"name\":\"Độ phân giải màn hình\",\"value\":\"	3840 x 2160 pixels\"},{\"name\":\"Chuẩn màn hình\",\"value\":\"	4K HDR\"}]},{\"category\":\"Bộ nhớ & Lưu trữ\",\"list\":[{\"name\":\"Danh bạ lưu trữ\",\"value\":\"	Không giới hạn\"},{\"name\":\"Thẻ nhớ ngoài\",\"value\":\"	MicroSDXC\"},{\"name\":\"Hỗ trợ thẻ nhớ tối đa\",\"value\":\"	256 GB\"},{\"name\":\"ROM\",\"value\":\"	UFS 64 GB\"}]}]'),(14,99,'2017-10-25 18:39:42','<p><strong>Nếu đ&atilde; từng sử dụng series Galaxy Note của Samsung, bạn chắc chắn sẽ kh&ocirc;ng thể bỏ qua si&ecirc;u phẩm lần n&agrave;y. So với trước kia,&nbsp;<a href=\"https://fptshop.com.vn/dien-thoai/samsung-galaxy-note-8\" target=\"_blank\">Note 8</a>&nbsp;sở hữu c&aacute;c đặc t&iacute;nh chưa từng xuất hiện, chẳng hạn camera k&eacute;p, b&uacute;t S-Pen hỗ trợ h&agrave;ng loạt thao t&aacute;c nhanh, dock DeX cho c&ocirc;ng việc cũng như được kiểm định cực gắt gao nhằm đảm bảo tối đa sự an to&agrave;n cho kh&aacute;ch h&agrave;ng.</strong></p>\r\n\r\n<h2>&nbsp;</h2>\r\n\r\n<h3><strong>M&agrave;n h&igrave;nh v&ocirc; cực&nbsp;ph&aacute; vỡ mọi giới hạn</strong></h3>\r\n\r\n<p>&nbsp;</p>\r\n\r\n<p><img alt=\"samsung-galaxy-note-8\" longdesc=\"https://fptshop.com.vn/dien-thoai/samsung-galaxy-note-8\" src=\"https://fptshop.com.vn/Uploads/images/2015/SANPHAM/T8/samsung-galaxy-note-8/samsung-galaxy-note-8-5.jpg\" title=\"samsung-galaxy-note-8\" /></p>\r\n\r\n<p>&nbsp;</p>\r\n\r\n<p>Chiếc Galaxy Note c&oacute; m&agrave;n h&igrave;nh lớn nhất từ trước đến nay sẽ đưa bạn đến những trải nghiệm rộng lớn chưa từng c&oacute;. Với m&agrave;n h&igrave;nh v&ocirc; cực l&ecirc;n tới 6.3 inch, Galaxy Note 8 đ&atilde; ph&aacute; vỡ mọi giới hạn. Nhưng điều tuyệt vời hơn l&agrave; mọi thứ vẫn vừa vặn khi trong tay bạn l&agrave; một chiếc m&aacute;y m&agrave;n h&igrave;nh cong kh&ocirc;ng viền đẳng cấp.</p>\r\n\r\n<p>&nbsp;&nbsp;</p>\r\n\r\n<h3><strong>Sự kh&aacute;c biệt từ b&uacute;t S Pen</strong></h3>\r\n\r\n<p>&nbsp;&nbsp;</p>\r\n\r\n<p><img alt=\"samsung-galaxy-note-8\" longdesc=\"https://fptshop.com.vn/dien-thoai/samsung-galaxy-note-8\" src=\"https://fptshop.com.vn/Uploads/images/2015/SANPHAM/T8/samsung-galaxy-note-8/samsung-galaxy-note-8-8.jpg\" title=\"samsung-galaxy-note-8\" /></p>\r\n\r\n<p>&nbsp;</p>\r\n\r\n<p><a href=\"https://fptshop.com.vn/tin-tuc/danh-gia/but-s-pen-tren-samsung-galaxy-note-8-co-gi-hap-dan-59653\" target=\"_blank\">B&uacute;t S Pen mới</a>&nbsp;sẽ thể hiện được c&aacute; t&iacute;nh v&agrave; cảm x&uacute;c của bạn bằng những biểu tượng emo vui nhộn hoặc những th&ocirc;ng điệp &yacute; nghĩa. Mọi thứ đều c&oacute; thể viết, vẽ bằng tay ho&agrave;n to&agrave;n tự nhi&ecirc;n v&agrave; gửi đến bạn b&egrave; v&ocirc; c&ugrave;ng nhanh ch&oacute;ng.</p>\r\n\r\n<p>&nbsp;</p>\r\n\r\n<h3><strong>Camera k&eacute;p chống rung quang học đầu ti&ecirc;n tr&ecirc;n thế giới</strong></h3>\r\n\r\n<p>&nbsp;</p>\r\n\r\n<p><img alt=\"samsung-galaxy-note-8\" longdesc=\"https://fptshop.com.vn/dien-thoai/samsung-galaxy-note-8\" src=\"https://fptshop.com.vn/Uploads/images/2015/SANPHAM/T8/samsung-galaxy-note-8/samsung-galaxy-note-8-7.jpg\" title=\"samsung-galaxy-note-8\" /></p>\r\n\r\n<p>&nbsp;</p>\r\n\r\n<p>Với hệ thống camera k&eacute;p chống rung quang học đầu ti&ecirc;n tr&ecirc;n thế giới, kết hợp c&ocirc;ng nghệ lấy n&eacute;t Dual Pixel, Samsung Galaxy Note 8 c&oacute; thể chụp ảnh sắc n&eacute;t trong mọi ho&agrave;n cảnh. D&ugrave; l&agrave; bạn đang đứng ở xa th&igrave; chỉ một c&aacute;i vuốt nhẹ, h&igrave;nh ảnh đ&atilde; lớn gấp 2 lần m&agrave; kh&ocirc;ng hề giảm chất lượng khi zoom quang học. Mọi chi tiết đều hiện ra ngay trước mắt bạn đầy ch&acirc;n thực.</p>\r\n\r\n<p>&nbsp;</p>\r\n\r\n<h3><strong>Lấy n&eacute;t v&agrave; x&oacute;a ph&ocirc;ng bất cứ l&uacute;c n&agrave;o</strong></h3>\r\n\r\n<p>&nbsp; &nbsp;</p>\r\n\r\n<p><img alt=\"samsung-galaxy-note-8\" longdesc=\"https://fptshop.com.vn/dien-thoai/samsung-galaxy-note-8\" src=\"https://fptshop.com.vn/Uploads/images/2015/SANPHAM/T8/samsung-galaxy-note-8/samsung-galaxy-note-8-9.jpg\" title=\"samsung-galaxy-note-8\" /></p>\r\n\r\n<p>&nbsp;</p>\r\n\r\n<p>Camera Samsung Note 8 c&oacute; khả năng lấy n&eacute;t trực tiếp. Nghĩa l&agrave; bạn c&oacute; thể chụp ảnh x&oacute;a ph&ocirc;ng, l&agrave;m nổi bật chủ thể v&agrave; mờ hậu cảnh. Nhưng đặc biệt hơn l&agrave; ngay cả sau khi chụp, bạn vẫn dễ d&agrave;ng điều chỉnh được vị tr&iacute; lấy n&eacute;t, độ mờ cho đến khi thực sự h&agrave;i l&ograve;ng.</p>\r\n\r\n<p>&nbsp;</p>\r\n\r\n<h3><strong>RAM lớn hơn, l&agrave;m được nhiều hơn</strong></h3>\r\n\r\n<p>&nbsp;</p>\r\n\r\n<p><img alt=\"samsung-galaxy-note-8\" longdesc=\"https://fptshop.com.vn/dien-thoai/samsung-galaxy-note-8\" src=\"https://fptshop.com.vn/Uploads/images/2015/SANPHAM/T8/samsung-galaxy-note-8/samsung-galaxy-note-8-4.jpg\" title=\"samsung-galaxy-note-8\" /></p>\r\n\r\n<p>&nbsp;</p>\r\n\r\n<p>Kh&ocirc;ng chỉ chạy bộ vi xử l&yacute; tiến tr&igrave;nh 10nm hiệu năng cao v&agrave; si&ecirc;u tiết kiệm điện, Samsung Galaxy Note 8 c&ograve;n n&acirc;ng cấp RAM l&ecirc;n đến 6 GB để bạn l&agrave;m được nhiều hơn những điều m&igrave;nh muốn. Mở thật nhiều ứng dụng v&agrave; thao t&aacute;c thật nhanh, đ&oacute; l&agrave; những g&igrave; Samsung mong chờ bạn l&agrave;m tr&ecirc;n Note 8.</p>\r\n\r\n<p>&nbsp;</p>\r\n\r\n<h3><strong>Sạc kh&ocirc;ng d&acirc;y v&agrave; sạc nhanh</strong></h3>\r\n\r\n<p>&nbsp;</p>\r\n\r\n<p><img alt=\"samsung-galaxy-note-8\" longdesc=\"https://fptshop.com.vn/dien-thoai/samsung-galaxy-note-8\" src=\"https://fptshop.com.vn/Uploads/images/2015/SANPHAM/T8/samsung-galaxy-note-8/samsung-galaxy-note-8-10.jpg\" title=\"samsung-galaxy-note-8\" /></p>\r\n\r\n<p>&nbsp;</p>\r\n\r\n<p>Samsung đ&atilde; t&iacute;ch hợp sạc kh&ocirc;ng d&acirc;y tr&ecirc;n c&aacute;c thiết bị của h&atilde;ng từ kh&aacute; l&acirc;u - điện thoại Galaxy Note 8 lần n&agrave;y cũng kh&ocirc;ng ngoại lệ. Với phụ kiện sạc kh&ocirc;ng d&acirc;y đi k&egrave;m trong hộp qu&agrave; v&agrave; ch&uacute;ng ta chỉ cần mua về v&agrave; sử dụng v&ocirc; c&ugrave;ng tiện lợi.</p>\r\n\r\n<p>&nbsp;</p>\r\n\r\n<p>&nbsp;<em>Lưu &yacute;: B&agrave;i viết v&agrave; h&igrave;nh ảnh chỉ c&oacute; t&iacute;nh chất tham khảo v&igrave; cấu h&igrave;nh v&agrave; đặc t&iacute;nh sản phẩm c&oacute; thể thay đổi theo thị trường v&agrave; từng phi&ecirc;n bản. Vui l&ograve;ng gọi tổng đ&agrave;i miễn ph&iacute; 18006601 hoặc đến cửa h&agrave;ng FPT Shop để nhận th&ocirc;ng tin ch&iacute;nh x&aacute;c nhất về sản phẩm.</em></p>\r\n','[{\"category\":\"Màn hình\",\"list\":[{\"name\":\"Công nghệ màn hình\",\"value\":\"	Super AMOLED\"},{\"name\":\"Màu màn hình\",\"value\":\"	16 Triệu màu\"},{\"name\":\"Chuẩn màn hình \",\"value\":\"	2K\"},{\"name\":\"Độ phân giải màn hình \",\"value\":\"	2960 x 1440 pixels\"}]},{\"category\":\"Camera Trước\",\"list\":[{\"name\":\"Video Call\",\"value\":\"	Có\"},{\"name\":\"Độ phân giải \",\"value\":\"	8.0 MP\"}]}]'),(15,100,'2017-10-25 21:00:17','<p><a href=\"https://fptshop.com.vn/may-tinh-bang/ipad-mini-4-wi-fi-4g-128gb#\">iPad mini 4</a>&nbsp;l&agrave; sản phẩm tiếp nối của d&ograve;ng iPad k&iacute;ch thước nhỏ đến từ Apple trong năm 2015. So với phi&ecirc;n bản tiền nhiệm&nbsp;<a href=\"https://fptshop.com.vn/may-tinh-bang/ipad-mini-4-wi-fi-4g-128gb#\">iPad mini</a>&nbsp;3, thiết bị n&agrave;y đ&atilde; c&oacute; rất nhiều cải tiến, từ thiết kế mỏng gọn hơn, m&agrave;n h&igrave;nh hiển thị tốt hơn, camera được n&acirc;ng cấp v&agrave; đặc biệt l&agrave; con chip xử l&yacute; Apple A8 mang đến hiệu năng vượt trội.&nbsp;<a href=\"https://fptshop.com.vn/may-tinh-bang/ipad-mini-4-wi-fi-4g-128gb#\">iPad mini 4</a>&nbsp;hứa hẹn sẽ mang đến cho người d&ugrave;ng những trải nghiệm ấn tượng v&agrave; ho&agrave;n hảo nhất.&nbsp;</p>\r\n\r\n<p>&nbsp;</p>\r\n\r\n<p><strong>Thiết kế mỏng gọn nhưng vẫn đảm bảo độ chắc chắn</strong></p>\r\n\r\n<p>&nbsp;</p>\r\n\r\n<p><img alt=\"iPad Mini 4 chính hãng\" longdesc=\"http://be.fptshop.com.vn/iPad%20Mini%204%20ch%C3%ADnh%20h%C3%A3ng\" src=\"https://fptshop.com.vn/Uploads/images/2015/San-Pham/iPad%20mini%204%201.jpg\" title=\"iPad Mini 4 chính hãng\" />Ng&ocirc;n ngữ thiết kế quen thuộc của Apple vẫn được duy tr&igrave; từ phi&ecirc;n bản&nbsp;<a href=\"https://fptshop.com.vn/may-tinh-bang/ipad-mini-4-wi-fi-4g-128gb#\">iPad mini</a>&nbsp;3, những so với người tiền nhiệm,&nbsp;<a href=\"https://fptshop.com.vn/may-tinh-bang/ipad-mini-4-wi-fi-4g-128gb#\">iPad mini 4</a>&nbsp;c&oacute; k&iacute;ch thước bề d&agrave;y chỉ 6,1 mm, tức mỏng hơn đến 18%, c&ugrave;ng với đ&oacute; l&agrave; khối lượng chỉ 294 gram. Điều n&agrave;y gi&uacute;p gia tăng t&iacute;nh di động của thiết bị, cho ph&eacute;p n&oacute; theo ch&acirc;n người d&ugrave;ng di chuyển đến những địa điểm kh&aacute;c nhau. Ngo&agrave;i ra, lớp vỏ nh&ocirc;m bền bỉ duy tr&igrave; vẻ đẹp trang nh&atilde; cũng như sự cứng c&aacute;p của&nbsp;<a href=\"https://fptshop.com.vn/may-tinh-bang/ipad-mini-4-wi-fi-4g-128gb#\">iPad mini 4</a>, gi&uacute;p n&oacute; lu&ocirc;n nổi bật mỗi khi xuất hiện. Nh&igrave;n chung, tổng thế c&aacute;c chi tiết m&aacute;y được chế t&aacute;c tinh xảo, ho&agrave;n thiện, mang lại cảm nhận r&otilde; r&agrave;ng về một sản phẩm cao cấp.</p>\r\n\r\n<p>&nbsp;</p>\r\n\r\n<p><strong>M&agrave;n h&igrave;nh mỏng hơn, hiển thị tốt hơn</strong></p>\r\n\r\n<p>&nbsp;</p>\r\n\r\n<p><img alt=\"iPad Mini 4 chính hãng\" longdesc=\"http://be.fptshop.com.vn/iPad%20Mini%204%20ch%C3%ADnh%20h%C3%A3ng\" src=\"https://fptshop.com.vn/Uploads/images/2015/San-Pham/iPad%20mini%204%202.jpg\" title=\"iPad Mini 4 chính hãng\" /></p>\r\n\r\n<p>&nbsp;</p>\r\n\r\n<p>Giống như&nbsp;<a href=\"https://fptshop.com.vn/may-tinh-bang/ipad-mini-4-wi-fi-4g-128gb#\">iPad mini</a>&nbsp;3, m&agrave;n h&igrave;nh của&nbsp;<a href=\"https://fptshop.com.vn/may-tinh-bang/ipad-mini-4-wi-fi-4g-128gb#\">iPad mini 4</a>&nbsp;vẫn c&oacute; k&iacute;ch thước 7,9 inch, độ ph&acirc;n giải 2048 x 1536 px, đạt mật độ điểm ảnh 324 ppi.</p>\r\n\r\n<p>M&agrave;n h&igrave;nh của c&aacute;c mẫu&nbsp;<a href=\"https://fptshop.com.vn/may-tinh-bang/ipad-mini-4-wi-fi-4g-128gb#\">iPad mini</a>&nbsp;trước đ&acirc;y đều được cấu tạo bởi 3 lớp th&agrave;nh phần ri&ecirc;ng biệt. Apple đ&atilde; thay đổi điều n&agrave;y bằng c&aacute;ch gộp cả 3 lớp n&agrave;y th&agrave;nh 1 tr&ecirc;n&nbsp;<a href=\"https://fptshop.com.vn/may-tinh-bang/ipad-mini-4-wi-fi-4g-128gb#\">iPad mini 4</a>. Điều n&agrave;y kh&ocirc;ng chỉ gi&uacute;p cho m&agrave;n h&igrave;nh trở n&ecirc;n mỏng hơn, m&agrave; k&egrave;m theo đ&oacute; l&agrave; chất lượng hiển thị tốt hơn hẳn do giảm bớt sự kh&uacute;c xạ &aacute;nh s&aacute;ng khi đi qua khoảng trống giữa c&aacute;c lớp. Một hệ quả nữa l&agrave; phản hồi của m&aacute;y đối với c&aacute;c thao t&aacute;c cảm ứng của người d&ugrave;ng cũng trở n&ecirc;n nhanh ch&oacute;ng v&agrave; ch&iacute;nh x&aacute;c hơn.</p>\r\n\r\n<p>&nbsp;</p>\r\n\r\n<p><strong>Vi xử l&yacute; Apple A8 mang lại hiệu năng mạnh mẽ</strong></p>\r\n\r\n<p>&nbsp;</p>\r\n\r\n<p><img alt=\"iPad Mini 4 chính hãng\" longdesc=\"http://be.fptshop.com.vn/iPad%20Mini%204%20ch%C3%ADnh%20h%C3%A3ng\" src=\"https://fptshop.com.vn/Uploads/images/2015/San-Pham/iPad%20mini%204%204.jpg\" title=\"iPad Mini 4 chính hãng\" /></p>\r\n\r\n<p>&nbsp;</p>\r\n\r\n<p>Vi xử l&yacute; Apple A8 xuất hiện lần đầu tr&ecirc;n iPhone 6 v&agrave; lần n&agrave;y Apple đ&atilde; trang bị n&oacute; cho&nbsp;<a href=\"https://fptshop.com.vn/may-tinh-bang/ipad-mini-4-wi-fi-4g-128gb#\">iPad mini 4</a>. Con chip n&agrave;y c&oacute; nhiều cải tiến so với phi&ecirc;n bản A7, cho hiệu năng CPU cao hơn 30% v&agrave; GPU hơn 60%, nhờ đ&oacute; hiệu quả xử l&yacute; t&aacute;c vụ cũng được n&acirc;ng cao. Cho d&ugrave; bạn duyệt ảnh, bi&ecirc;n tập video hay l&agrave;m cả 2 c&ugrave;ng l&uacute;c th&igrave; m&aacute;y vẫn hoạt động trơn tru, kh&ocirc;ng giật lag.</p>\r\n\r\n<p>&nbsp;</p>\r\n\r\n<p><strong>Nền tảng iOS 9 mang đến trải nghiệm tốt hơn</strong></p>\r\n\r\n<p><a href=\"https://fptshop.com.vn/may-tinh-bang/ipad-mini-4-wi-fi-4g-128gb#\">iPad mini 4</a>&nbsp;chạy tr&ecirc;n hệ điều h&agrave;nh iOS 9, nền tảng được Apple tuy&ecirc;n bố l&agrave; trực quan, ti&ecirc;n tiến v&agrave; an to&agrave;n nhất trong c&aacute;c hệ điều h&agrave;nh di động tr&ecirc;n thế giới hiện nay. Với c&aacute;c ứng dụng được cải tiến v&agrave; c&aacute;c t&iacute;nh năng mới như Slide Over, Split View v&agrave; Picture in Picture, iOS 9 sẽ gi&uacute;p bạn l&agrave;m được nhiều c&ocirc;ng việc bằng những những c&aacute;ch thức đơn giản, thuận tiện b&agrave; nhanh ch&oacute;ng hơn rất nhiều. Cho d&ugrave; bạn đang kiểm tra tin nhắn trong khi trả lời email hay tạo ra một b&agrave;i thuyết tr&igrave;nh trong khi chơi games, iOS 9 sẽ gi&uacute;p bạn c&oacute; được những trải nghiệm ho&agrave;n hảo hơn hẳn so với c&aacute;c phi&ecirc;n bản trước đ&acirc;y.</p>\r\n\r\n<p>&nbsp;</p>\r\n\r\n<p><strong>Bộ đ&ocirc;i camera được cải tiến; cảm biến Touch ID ở ph&iacute;m Home</strong></p>\r\n\r\n<p>&nbsp;</p>\r\n\r\n<p><img alt=\"iPad Mini 4 chính hãng\" longdesc=\"http://be.fptshop.com.vn/iPad%20Mini%204%20ch%C3%ADnh%20h%C3%A3ng\" src=\"https://fptshop.com.vn/Uploads/images/2015/San-Pham/iPad%20mini%204%205.jpg\" title=\"iPad Mini 4 chính hãng\" /></p>\r\n\r\n<p>&nbsp;</p>\r\n\r\n<p>Camera iSight độ ph&acirc;n giải 8MP tr&ecirc;n&nbsp;<a href=\"https://fptshop.com.vn/may-tinh-bang/ipad-mini-4-wi-fi-4g-128gb#\">iPad mini 4</a>&nbsp;được ho&agrave;n thiện th&ecirc;m về hiệu năng quang học v&agrave; cảm biến, cho chất lượng ảnh tốt hơn so với người tiến nhiệm. Camera HD FaceTime 1,2MP ở mặt trước cũng được thiết kế lại ở bộ phận cảm biến cho k&iacute;ch thước điểm ảnh lớn hơn, mang lại những h&igrave;nh ảnh sắc n&eacute;t khi đ&agrave;m thoại video hay chụp ảnh selfie.</p>\r\n\r\n<p>&nbsp;</p>\r\n\r\n<p><img alt=\"iPad Mini 4 chính hãng\" longdesc=\"http://be.fptshop.com.vn/iPad%20Mini%204%20ch%C3%ADnh%20h%C3%A3ng\" src=\"https://fptshop.com.vn/Uploads/images/2015/San-Pham/iPad%20mini%204%206.jpg\" title=\"iPad Mini 4 chính hãng\" /></p>\r\n\r\n<p>&nbsp;</p>\r\n\r\n<p>Ngo&agrave;i ra,&nbsp;<a href=\"https://fptshop.com.vn/may-tinh-bang/ipad-mini-4-wi-fi-4g-128gb#\">iPad mini 4</a>&nbsp;vẫn được trang bị cảm biến v&acirc;n tay Touch ID tr&ecirc;n n&uacute;t Home của m&aacute;y, gi&uacute;p người d&ugrave;ng lu&ocirc;n cảm thấy y&ecirc;n t&acirc;m về khả năng bảo mật dữ liệu tr&ecirc;n thiết bị.</p>\r\n\r\n<p>&nbsp;</p>\r\n\r\n<p><strong>Thời lượng pin 10 tiếng</strong></p>\r\n\r\n<p>&nbsp;</p>\r\n\r\n<p><strong><img alt=\"iPad Mini 4 chính hãng\" longdesc=\"http://be.fptshop.com.vn/iPad%20Mini%204%20ch%C3%ADnh%20h%C3%A3ng\" src=\"https://fptshop.com.vn/Uploads/images/2015/San-Pham/iPad%20mini%204%207.jpg\" title=\"iPad Mini 4 chính hãng\" /></strong></p>\r\n','[{\"category\":\"Màn hình\",\"list\":[{\"name\":\"Kích thước màn hình\",\"value\":\"	7.9 inch\"},{\"name\":\"Độ phân giải\",\"value\":\"	2048 x 1536 pixels\"},{\"name\":\"Công nghệ màn hình\",\"value\":\"	Rentina\"},{\"name\":\"Màu màn hình\",\"value\":\"	16 triệu màu\"}]},{\"category\":\"Pin & Dung lượng\",\"list\":[{\"name\":\"Thời gian sử dụng \",\"value\":\"	9 giờ\"},{\"name\":\"Loại pin\",\"value\":\"	Li-Po\"},{\"name\":\"Dung lượng pin\",\"value\":\"19.1Whr\"}]}]'),(16,100,'2017-10-25 21:03:02','<p>iPad 2017 Wi-Fi 128 GB l&agrave; một trong những sản phẩm mới của Apple, với những điểm n&acirc;ng cấp v&ocirc; c&ugrave;ng s&aacute;ng gi&aacute; như: mỏng nhẹ, sang trọng, m&agrave;n h&igrave;nh tuyệt đẹp, cấu h&igrave;nh mạnh mẽ, camera đẳng cấp, c&ugrave;ng nhiều chức năng kh&aacute;c. Đặc biệt, phi&ecirc;n bản n&agrave;y c&ograve;n sở hữu bộ nhớ trong dung lượng lớn l&ecirc;n đến 128 GB cho khả năng lưu trữ tốt hơn.</p>\r\n\r\n<p>&nbsp;</p>\r\n\r\n<h3><strong>Thiết kế mỏng nhẹ, sang trọng</strong></h3>\r\n\r\n<p>&nbsp;</p>\r\n\r\n<p>iPad new 2017 Wi-Fi sở hữu một ngoại h&igrave;nh kh&aacute; giống iPad Air 2, với một thiết kế kim loại cao cấp bao trọn th&acirc;n m&aacute;y, lớp vỏ nh&ocirc;m sắc lạnh được cắt kim cương tỉ mỉ đến từng đường n&eacute;t nhỏ tạo n&ecirc;n vẻ đẹp vừa sang trọng, vừa mạnh mẽ.</p>\r\n\r\n<p>&nbsp;</p>\r\n\r\n<p><img alt=\"\" longdesc=\"https://fptshop.com.vn/may-tinh-bang/ipad-wi-fi-128gb\" src=\"https://fptshop.com.vn/Uploads/Originals/2017/7/12/636354525999287463_9.jpg\" title=\"ipad-wi-fi-128gb\" /></p>\r\n\r\n<p>&nbsp;</p>\r\n\r\n<p>Ngo&agrave;i ra, iPad new 2017 Wi-Fi được thiết kế kh&aacute; mỏng cho ph&eacute;p bạn c&oacute; thể cầm nắm m&aacute;y một c&aacute;ch nhẹ nh&agrave;ng bằng một tay, c&ugrave;ng với c&aacute;c t&ocirc;ng m&agrave;u sang trọng g&oacute;p phần tăng th&ecirc;m sức h&uacute;t cho m&aacute;y. Với iPad 2017 Wi-Fi 128 GB, bạn sẽ c&oacute; trong tay một chiếc m&aacute;y t&iacute;nh bảng đẹp, thời trang v&agrave; tinh tế nhất.</p>\r\n\r\n<p>&nbsp;</p>\r\n\r\n<h3><strong>Chất lượng hiển thị tuyệt hảo</strong></h3>\r\n\r\n<p>&nbsp;</p>\r\n\r\n<p>Giống như nhiều anh chị em kh&aacute;c, iPad 2017 Wi-Fi 128 GB c&oacute; một m&agrave;n h&igrave;nh hiển thị v&ocirc; c&ugrave;ng tốt với k&iacute;ch thước 9.7 inches. Tấm nền Retina được Apple sử dụng c&oacute; độ ph&acirc;n giải cao l&ecirc;n tới 2048 x 1536 pixels. M&agrave;n h&igrave;nh của iPad được phủ một lớp kh&ocirc;ng thấm dầu gi&uacute;p tăng g&oacute;c nh&igrave;n v&agrave; chống phản xạ trong qu&aacute; tr&igrave;nh hiển thị nội dung.</p>\r\n\r\n<p>&nbsp;</p>\r\n\r\n<p><img alt=\"\" longdesc=\"https://fptshop.com.vn/may-tinh-bang/ipad-wi-fi-128gb\" src=\"https://fptshop.com.vn/Uploads/Originals/2017/7/12/636354526000067468_12.JPG\" title=\"ipad-wi-fi-128gb\" /></p>\r\n\r\n<p>&nbsp;</p>\r\n\r\n<p>Tuy nhi&ecirc;n, phần mặt k&iacute;nh v&agrave; cảm ứng kh&ocirc;ng được &eacute;p như iPad Air 2 n&ecirc;n bạn sẽ thấy c&oacute; một khoảng c&aacute;ch giữa k&iacute;nh v&agrave; m&agrave;n cảm ứng tr&ecirc;n iPad. Thực ra nếu để &yacute; kĩ th&igrave; mới nh&igrave;n thấy v&agrave; điều n&agrave;y cũng kh&ocirc;ng ảnh hưởng tới nhiều ngoại quan của sản phẩm. Độ s&aacute;ng tr&ecirc;n m&agrave;n h&igrave;nh iPad new 2017 s&aacute;ng hơn iPad Air 2 n&ecirc;n sử dụng dễ d&agrave;ng hơn ngo&agrave;i trời d&ugrave; cường độ &aacute;nh s&aacute;ng cao.</p>\r\n\r\n<p>&nbsp;</p>\r\n\r\n<h3><strong>Cấu h&igrave;nh mạnh mẽ</strong></h3>\r\n\r\n<p>&nbsp;</p>\r\n\r\n<p>iPad 2017 được trang bị b&ocirc; vi xử l&yacute; mới, chip A9 của Apple với tốc độ xử l&yacute; nhanh hơn hẳn Apple A8 v&agrave; A8X của iPad mini 4 v&agrave; iPad Air 2. So với Apple A8 tr&ecirc;n iPad mini 4, chip A9 của iPad 2017 c&oacute; tốc độ xử l&yacute; nhanh gấp 1,6 lần v&agrave; xử l&yacute; đồ họa gấp 1,8 lần, do đ&oacute; tốc độ cũng sẽ nhanh hơn iPad mini 4 cũng như iPad Air 2 đ&aacute;ng kể. Ngo&agrave;i khả năng xử l&yacute; mạnh mẽ, chip A9 c&ograve;n rất tiết kiệm năng lượng v&agrave; tỏa &iacute;t nhiệt, mang đến thời lượng pin d&agrave;i, cho bạn nhiều trải nghiệm hơn với iPad new 2017 Wi-Fi 128 GB.</p>\r\n\r\n<p>&nbsp;</p>\r\n\r\n<p><img alt=\"\" longdesc=\"https://fptshop.com.vn/may-tinh-bang/ipad-wi-fi-128gb\" src=\"https://fptshop.com.vn/Uploads/Originals/2017/7/12/636354525999599465_10.jpg\" title=\"ipad-wi-fi-128gb\" /></p>\r\n\r\n<p>&nbsp;</p>\r\n\r\n<p>B&ecirc;n cạnh đ&oacute;, iPad 2017 c&ograve;n được trang bị bộ nhớ RAM dung lượng 2 GB cho khả năng xử l&yacute; nhiều c&ocirc;ng việc c&ugrave;ng l&uacute;c một c&aacute;ch hiệu quả v&agrave; bộ nhớ trong dung lượng lớn l&ecirc;n đến 128 GB cho ph&eacute;p bạn thoải m&aacute;i lưu trữ dữ liệu.</p>\r\n\r\n<p>&nbsp;</p>\r\n\r\n<h3><strong>Bộ đ&ocirc;i camera đẳng cấp</strong></h3>\r\n\r\n<p>&nbsp;</p>\r\n\r\n<p>iPad 2017 Wi-Fi 128 GB được trang bị camera iSight với nhiều cải tiến, đặc biệt l&agrave; độ ph&acirc;n giải 8 MP v&agrave; cảm biến h&igrave;nh ảnh BSI, gi&uacute;p ảnh chụp đầy đủ chi tiết ngay cả trong điều kiện thiếu s&aacute;ng. Bộ vi xử l&yacute; tốt c&ograve;n cho ph&eacute;p khả năng xử l&yacute; h&igrave;nh ảnh nhanh v&agrave; mạnh mẽ hơn. Bạn cũng sẽ c&oacute; rất nhiều t&iacute;nh năng mới như chụp to&agrave;n cảnh, quay video chậm slow-motion hay chế độ hẹn giờ chụp. Với iPad new 2017 Wi-Fi 128 GB, bạn đ&atilde; c&oacute; thể chụp ảnh một c&aacute;ch chuy&ecirc;n nghiệp.</p>\r\n\r\n<p>&nbsp;</p>\r\n\r\n<p><img alt=\"\" longdesc=\"https://fptshop.com.vn/may-tinh-bang/ipad-wi-fi-128gb\" src=\"https://fptshop.com.vn/Uploads/Originals/2017/7/12/636354525999287463_8.jpg\" title=\"ipad-wi-fi-128gb\" /></p>\r\n\r\n<p>&nbsp;</p>\r\n\r\n<p>Kh&ocirc;ng chỉ camera ch&iacute;nh, camera trước FaceTime HD cũng được n&acirc;ng cấp với cảm biến BSI v&agrave; t&iacute;nh năng HDR. Bạn sẽ c&oacute; những cuộc gọi video chất lượng cao v&agrave; những bức ảnh selfie th&uacute; vị.</p>\r\n\r\n<p>&nbsp;</p>\r\n\r\n<h3><strong>Kho ứng dụng phong ph&uacute; tr&ecirc;n hệ điều h&agrave;nh iOS</strong></h3>\r\n\r\n<p>&nbsp;</p>\r\n\r\n<p><img alt=\"\" longdesc=\"https://fptshop.com.vn/may-tinh-bang/ipad-wi-fi-128gb\" src=\"https://fptshop.com.vn/Uploads/Originals/2017/7/12/636354525999755466_11.jpg\" title=\"ipad-wi-fi-128gb\" /></p>\r\n\r\n<p>&nbsp;</p>\r\n\r\n<p>Hệ điều h&agrave;nh iOS&nbsp;tr&ecirc;n iPad 2017 cho bạn những t&iacute;nh năng ti&ecirc;n tiến nhất v&agrave; tận dụng tối đa sự mạnh mẽ của con chip A9, mang đến những trải nghiệm mượt m&agrave; v&agrave; hiệu quả. Bạn c&oacute; đầy đủ những ứng dụng miễn ph&iacute; m&agrave; m&igrave;nh cần cho mỗi ng&agrave;y như lướt web, kiểm tra email, chỉnh sửa phim ảnh, viết b&agrave;i hay đọc s&aacute;ch. Tất cả đều hiển thị r&otilde; n&eacute;t ngay tr&ecirc;n m&agrave;n h&igrave;nh Retina của iPad new 2017. D&ugrave; l&agrave; c&ocirc;ng việc hay giải tr&iacute;, bạn đều sẽ c&oacute; những tiện &iacute;ch tốt nhất.</p>\r\n','[{\"category\":\"Màn hình\",\"list\":[{\"name\":\"Kích thước màn hình\",\"value\":\"	7.9 inch\"},{\"name\":\"Độ phân giải\",\"value\":\"	2048 x 1536 pixels\"},{\"name\":\"Công nghệ màn hình\",\"value\":\"	Rentina\"},{\"name\":\"Màu màn hình\",\"value\":\"	16 triệu màu\"}]},{\"category\":\"Pin & Dung lượng\",\"list\":[{\"name\":\"Thời gian sử dụng \",\"value\":\"	9 giờ\"},{\"name\":\"Loại pin\",\"value\":\"	Li-Po\"},{\"name\":\"Dung lượng pin\",\"value\":\"19.1Whr\"}]}]'),(17,100,'2017-10-25 21:04:57','<h3><strong>Thiết kế mỏng nhẹ, sang trọng</strong></h3>\r\n\r\n<p>&nbsp;</p>\r\n\r\n<p>iPad new 2017 Wi-Fi 32 GB sở hữu một ngoại h&igrave;nh kh&aacute; giống iPad Air 2, với một thiết kế kim loại cao cấp bao trọn th&acirc;n m&aacute;y, lớp vỏ nh&ocirc;m sắc lạnh được cắt kim cương tỉ mỉ đến từng đường n&eacute;t nhỏ tạo n&ecirc;n vẻ đẹp vừa sang trọng, vừa mạnh mẽ.</p>\r\n\r\n<p>&nbsp;</p>\r\n\r\n<p><img alt=\"\" longdesc=\"https://fptshop.com.vn/may-tinh-bang/ipad-wi-fi-32gb\" src=\"https://fptshop.com.vn/Uploads/Originals/2017/7/12/636354544743498412_HASP-IPAD-WIFI-32GB-2017-00338191%20(12).jpg\" title=\"ipad-wi-fi-32gb\" /></p>\r\n\r\n<p>&nbsp;</p>\r\n\r\n<p>Ngo&agrave;i ra, iPad new 2017 Wi-Fi 32 GB được thiết kế kh&aacute; mỏng cho ph&eacute;p bạn c&oacute; thể cầm nắm m&aacute;y một c&aacute;ch nhẹ nh&agrave;ng bằng một tay, c&ugrave;ng với c&aacute;c t&ocirc;ng m&agrave;u sang trọng g&oacute;p phần tăng th&ecirc;m sức h&uacute;t cho m&aacute;y. Với iPad 2017 Wi-Fi, bạn sẽ c&oacute; trong tay một chiếc m&aacute;y t&iacute;nh bảng đẹp, thời trang v&agrave; tinh tế nhất.</p>\r\n\r\n<p>&nbsp;</p>\r\n\r\n<h3><strong>Chất lượng hiển thị tuyệt hảo</strong></h3>\r\n\r\n<p>&nbsp;</p>\r\n\r\n<p>Giống như nhiều anh chị em kh&aacute;c, iPad 2017 Wi-Fi 32GB c&oacute; một m&agrave;n h&igrave;nh hiển thị v&ocirc; c&ugrave;ng tốt với k&iacute;ch thước 9.7 inches. Tấm nền Retina được Apple sử dụng c&oacute; độ ph&acirc;n giải cao l&ecirc;n tới 2048 x 1536 pixels. M&agrave;n h&igrave;nh của iPad được phủ một lớp kh&ocirc;ng thấm dầu gi&uacute;p tăng g&oacute;c nh&igrave;n v&agrave; chống phản xạ trong qu&aacute; tr&igrave;nh hiển thị nội dung.</p>\r\n\r\n<p>&nbsp;</p>\r\n\r\n<p><img alt=\"\" longdesc=\"https://fptshop.com.vn/may-tinh-bang/ipad-wi-fi-32gb\" src=\"https://fptshop.com.vn/Uploads/Originals/2017/7/12/636354544743030409_HASP-IPAD-WIFI-32GB-2017-00338191%20(11).jpg\" title=\"ipad-wi-fi-32gb\" /></p>\r\n\r\n<p>&nbsp;</p>\r\n\r\n<p>Tuy nhi&ecirc;n, phần mặt k&iacute;nh v&agrave; cảm ứng kh&ocirc;ng được &eacute;p như iPad Air 2 n&ecirc;n bạn sẽ thấy c&oacute; một khoảng c&aacute;ch giữa k&iacute;nh v&agrave; m&agrave;n cảm ứng tr&ecirc;n iPad. Thực ra nếu để &yacute; kĩ th&igrave; mới nh&igrave;n thấy v&agrave; điều n&agrave;y cũng kh&ocirc;ng ảnh hưởng tới nhiều ngoại quan của sản phẩm. Độ s&aacute;ng tr&ecirc;n m&agrave;n h&igrave;nh iPad new 2017 s&aacute;ng hơn iPad Air 2 n&ecirc;n sử dụng dễ d&agrave;ng hơn ngo&agrave;i trời d&ugrave; cường độ &aacute;nh s&aacute;ng cao.</p>\r\n','[{\"category\":\"Màn hình\",\"list\":[{\"name\":\"Kích thước màn hình\",\"value\":\"	7.9 inch\"},{\"name\":\"Độ phân giải\",\"value\":\"	2048 x 1536 pixels\"},{\"name\":\"Công nghệ màn hình\",\"value\":\"	Rentina\"},{\"name\":\"Màu màn hình\",\"value\":\"	16 triệu màu\"}]},{\"category\":\"Pin & Dung lượng\",\"list\":[{\"name\":\"Thời gian sử dụng \",\"value\":\"	9 giờ\"},{\"name\":\"Loại pin\",\"value\":\"	Li-Po\"},{\"name\":\"Dung lượng pin\",\"value\":\"19.1Whr\"}]}]'),(18,100,'2017-10-25 21:07:53','<h3><strong>Thiết kế cao cấp</strong></h3>\r\n\r\n<p>&nbsp;</p>\r\n\r\n<p><img alt=\"Samsung Galaxy Tab S2\" longdesc=\"http://be.fptshop.com.vn/Samsung%20Galaxy%20Tab%20S2\" src=\"https://fptshop.com.vn/Uploads/Originals/2015/12/15/635857961466588483_Galaxy-Tab-S2-White-20.jpg\" title=\"Samsung Galaxy Tab S2\" /></p>\r\n\r\n<p>&nbsp;</p>\r\n\r\n<p><a href=\"https://fptshop.com.vn/may-tinh-bang/samsung\" target=\"_top\">Samsung</a>&nbsp;Galaxy Tab S2 sở hữu vẻ ngo&agrave;i cao cấp v&agrave; sang trọng với phần khung viền bằng kim loại nổi bật. K&iacute;ch thước si&ecirc;u mỏng với bề d&agrave;y chỉ 5.6 mm kết hợp c&ugrave;ng khối lượng si&ecirc;u nhẹ mang đến t&iacute;nh di động cực kỳ tiện lợi, dễ d&agrave;ng để người d&ugrave;ng mang theo m&aacute;y b&ecirc;n m&igrave;nh đến bất cứ nơi đ&acirc;u.</p>\r\n\r\n<p>&nbsp;</p>\r\n\r\n<h3><strong>M&agrave;n h&igrave;nh Super AMOLED tuyệt hảo</strong></h3>\r\n\r\n<p>&nbsp;</p>\r\n\r\n<p><img alt=\"Samsung Galaxy Tab S2\" longdesc=\"http://be.fptshop.com.vn/Samsung%20Galaxy%20Tab%20S2\" src=\"https://fptshop.com.vn/Uploads/Originals/2015/12/15/635857961461436292_Galaxy-Tab-S2-White-19.jpg\" title=\"Samsung Galaxy Tab S2\" /></p>\r\n\r\n<p>&nbsp;</p>\r\n\r\n<p>Với Galaxy Tab S2, mọi trải nghiệm đọc b&aacute;o, lướt web, xem phim hay chơi game&hellip; đều trở n&ecirc;n rất tuyệt vời nhờ những h&igrave;nh ảnh sống động, m&agrave;u sắc rực rỡ c&ugrave;ng độ tương phản cao tr&ecirc;n m&agrave;n h&igrave;nh&nbsp;<a href=\"https://fptshop.com.vn/tin-tuc/thong-tin-tham-khao/5-thiet-bi-su-dung-cong-nghe-man-hinh-super-amoled-tot-nhat-cua-samsung-phan-i-28850\" target=\"_blank\">c&ocirc;ng nghệ Super AMOLED</a>&nbsp;hiện đại. B&ecirc;n cạnh đ&oacute;, m&agrave;n h&igrave;nh n&agrave;y c&ograve;n c&oacute; khung h&igrave;nh được thiết kế theo chuẩn 4:3 &ndash; tỉ lệ tối ưu cho việc khả năng quan s&aacute;t của mắt, gi&uacute;p bạn c&oacute; thể theo d&otilde;i mọi thứ dễ d&agrave;ng v&agrave; thuận tiện hơn.</p>\r\n','[{\"category\":\"Màn hình\",\"list\":[{\"name\":\"Kích thước màn hình\",\"value\":\"	7.9 inch\"},{\"name\":\"Độ phân giải\",\"value\":\"	2048 x 1536 pixels\"},{\"name\":\"Công nghệ màn hình\",\"value\":\"	Rentina\"},{\"name\":\"Màu màn hình\",\"value\":\"	16 triệu màu\"}]},{\"category\":\"Pin & Dung lượng\",\"list\":[{\"name\":\"Thời gian sử dụng \",\"value\":\"	9 giờ\"},{\"name\":\"Loại pin\",\"value\":\"	Li-Po\"},{\"name\":\"Dung lượng pin\",\"value\":\"19.1Whr\"}]}]'),(19,99,'2017-10-25 21:10:33','<h3><strong>Thiết kế hiện đại, tinh tế</strong></h3>\r\n\r\n<p>&nbsp;</p>\r\n\r\n<p>&nbsp;</p>\r\n\r\n<p><img alt=\"\" src=\"https://fptshop.com.vn/Uploads/Originals/2016/5/4/635979596407951523_Samsung-Galaxy-Tab-A(2016)-28.jpg\" /></p>\r\n\r\n<p>&nbsp;</p>\r\n\r\n<p>&nbsp;</p>\r\n\r\n<p><a href=\"https://fptshop.com.vn/may-tinh-bang/samsung-tab-a6-7-t285\" target=\"_blank\"><strong>Galaxy Tab A 2016</strong></a>&nbsp;c&oacute; thiết kế rất hiện đại, thu h&uacute;t mọi &aacute;nh nh&igrave;n khi c&aacute;c g&oacute;c m&aacute;y được bo tr&ograve;n mềm mại giống như c&aacute;c sản phẩm cao cấp kh&aacute;c của Samsung, thiết kế n&agrave;y vừa tạo sự thanh lịch, đơn giản, vừa gi&uacute;p m&aacute;y hạn chế được c&aacute;c va đập trong qu&aacute; tr&igrave;nh sử dụng. Độ ho&agrave;n thiện của m&aacute;y l&agrave; rất tốt, chi tiết được l&agrave;m sắc sảo, chắc chắn khiến chiếc m&aacute;y trở n&ecirc;n v&ocirc; c&ugrave;ng tinh tế. Mặt trước của m&aacute;y l&agrave; một m&agrave;n h&igrave;nh lớn được thiết kế c&acirc;n đối kết hợp c&ugrave;ng k&iacute;nh cường lực, cụm ph&iacute;m bấm điều hướng ph&iacute;a dưới, camera trước, loa thoại v&agrave; c&aacute;c cảm biến. Trong khi đ&oacute;, c&aacute;c cạnh h&ocirc;ng ở mặt sau m&aacute;y được vuốt cong mềm mại cho ph&eacute;p người d&ugrave;ng cầm nắm dễ d&agrave;ng, chắc tay. Ngo&agrave;i ra, ở mặt lưng c&ograve;n được t&iacute;ch hợp camera v&agrave; logo Samsung nổi bật. Với trọng lượng nhẹ c&ugrave;ng độ mỏng ấn tượng,&nbsp;<a href=\"https://fptshop.com.vn/may-tinh-bang/samsung-tab-a6-7-t285\" target=\"_blank\"><strong>Tab A 2016</strong></a><strong>&nbsp;</strong>&nbsp;trở n&ecirc;n cực kỳ linh hoạt trong qu&aacute; tr&igrave;nh sử dụng cũng như di chuyển của người d&ugrave;ng.</p>\r\n\r\n<p>&nbsp;</p>\r\n\r\n<h3><strong>Cấu h&igrave;nh mạnh mẽ, Android 5.1 Lollipop</strong></h3>\r\n\r\n<p>&nbsp;</p>\r\n\r\n<p>&nbsp;</p>\r\n\r\n<p><img alt=\"\" src=\"https://fptshop.com.vn/Uploads/Originals/2016/5/4/635979596407639539_Samsung-Galaxy-Tab-A(2016)-27.jpg\" /></p>\r\n\r\n<p>&nbsp;</p>\r\n\r\n<p>&nbsp;</p>\r\n\r\n<p>Với việc được trang bị bộ vi xử l&yacute; Quadcore 4 nh&acirc;n xung nhịp 1.3 GHz, bộ nhớ trong 8 GB kết hợp c&ugrave;ng hệ điều h&agrave;nh Android 5.1 Lollipop m&aacute;y cho khả năng thực thi c&aacute;c t&aacute;c vụ rất tốt, đ&aacute;p ứng ngay lập tức m&agrave; kh&ocirc;ng hề c&oacute; độ trễ, cho ph&eacute;p bạn l&agrave;m việc, học tập hay giải tr&iacute; một c&aacute;ch dễ d&agrave;ng. Ngo&agrave;i ra, bạn c&oacute; thể mở rộng bộ nhớ l&ecirc;n th&ecirc;m 128GB với khe thẻ MicroSD tr&ecirc;n Tab A6-7&rdquo;, gi&uacute;p bạn lưu trữ dữ liệu, h&igrave;nh ảnh hay c&agrave;i đặt game rất thoải m&aacute;i.</p>\r\n','[{\"category\":\"Màn hình\",\"list\":[{\"name\":\"Kích thước màn hình\",\"value\":\"	7.9 inch\"},{\"name\":\"Độ phân giải\",\"value\":\"	2048 x 1536 pixels\"},{\"name\":\"Công nghệ màn hình\",\"value\":\"	Rentina\"},{\"name\":\"Màu màn hình\",\"value\":\"	16 triệu màu\"}]},{\"category\":\"Pin & Dung lượng\",\"list\":[{\"name\":\"Thời gian sử dụng \",\"value\":\"	9 giờ\"},{\"name\":\"Loại pin\",\"value\":\"	Li-Po\"},{\"name\":\"Dung lượng pin\",\"value\":\"19.1Whr\"}]}]'),(20,100,'2017-10-25 21:19:46','<h3><strong>Kết nối đa dạng</strong></h3>\r\n\r\n<p>&nbsp;</p>\r\n\r\n<p>Do c&oacute; khả năng tương th&iacute;ch với tất cả thiết bị sử dụng cổng USB v&agrave; micro USB n&ecirc;n c&aacute;p Micro Usb Rock 1m c&oacute; thể d&ugrave;ng l&agrave;m c&aacute;p sạc v&agrave; đồng bộ dữ liệu cho smartphone v&agrave; tablet gi&uacute;p người d&ugrave;ng c&oacute; thể kết nối để truyền tải dữ liệu mọi l&uacute;c, mọi nơi.</p>\r\n','[{\"category\":\"Thông số cơ bản\",\"list\":[{\"name\":\"Chất liệu\",\"value\":\"Nhựa chống cháy\"},{\"name\":\"Đặc điểm tính năng nổi bật\",\"value\":\"Dây cáp chống rối, sạc nhanh, truyền dữ liệu nhanh\"},{\"name\":\"Tính năng\",\"value\":\"Sạc và truyền dữ liệu\"},{\"name\":\"Cổng cáp kết nối\",\"value\":\"Micro USB\"},{\"name\":\"Dòng máy tương thích\",\"value\":\"Thiết bị có cổng kết nối Micro usb\"},{\"name\":\"Thương hiệu\",\"value\":\"ROCK\"},{\"name\":\"Độ dài dây cáp\",\"value\":\"1m\"}]}]'),(21,99,'2017-10-25 21:32:25','<h3>Thiết kế với sức chịu đựng tốt v&agrave; bền bỉ</h3>\r\n\r\n<p>Thẻ nhớ MicroSD Adata 16 GB được sản xuất bằng c&ocirc;ng nghệ COB ti&ecirc;n tiến (chip-on-board), gi&uacute;p cho sản phẩm chịu được nước, bụi, v&agrave; sốc. Ngo&agrave;i ra từ trường nam ch&acirc;m hay tia X-ray hoặc thời tiết khắc nghiệt cũng kh&ocirc;ng l&agrave;m ảnh hưởng đến khả l&agrave;m việc của thẻ nhớ. V&igrave; vậy, bất kể c&oacute; t&aacute;c nh&acirc;n vật l&yacute; n&agrave;o ngoại trừ g&atilde;y, nứt hoặc ch&aacute;y, sản phẩm vẫn đảm bảo an to&agrave;n cho dữ liệu của bạn.</p>\r\n','[{\"category\":\"Thông số cơ bản\",\"list\":[{\"name\":\"Dung lượng\",\"value\":\"16G\"}]}]'),(22,100,'2017-10-25 21:35:51','<p>&nbsp;</p>\r\n\r\n<p>Kiểu d&aacute;ng ngầu, đ&egrave;n led thay đổi 7 m&agrave;u, 4 mức DPI, 6 n&uacute;t bấm ph&ugrave; hợp cho game thủ</p>\r\n','[{\"category\":\"Thông số cơ bản\",\"list\":[{\"name\":\"Chế độ bảo hành\",\"value\":\"	12 tháng 1 đổi 1\"},{\"name\":\"Độ bền nút bấm\",\"value\":\"	5 triệu lần nhấn\"},{\"name\":\"Dòng máy tương thích\",\"value\":\"Máy tính với Windows XP/Vista/7/8/10; Linus; Mac OS\"}]}]');
/*!40000 ALTER TABLE `product_details` ENABLE KEYS */;
UNLOCK TABLES;

--
-- Table structure for table `product_images`
--

DROP TABLE IF EXISTS `product_images`;
/*!40101 SET @saved_cs_client     = @@character_set_client */;
/*!40101 SET character_set_client = utf8 */;
CREATE TABLE `product_images` (
  `id` int(11) NOT NULL AUTO_INCREMENT,
  `product_detail_id` int(11) NOT NULL,
  `url` varchar(255) COLLATE utf8_unicode_ci NOT NULL,
  PRIMARY KEY (`id`),
  KEY `product_images_ibfk_products` (`product_detail_id`),
  CONSTRAINT `product_images_ibfk_products` FOREIGN KEY (`product_detail_id`) REFERENCES `product_details` (`id`)
) ENGINE=InnoDB AUTO_INCREMENT=129 DEFAULT CHARSET=utf8 COLLATE=utf8_unicode_ci;
/*!40101 SET character_set_client = @saved_cs_client */;

--
-- Dumping data for table `product_images`
--

LOCK TABLES `product_images` WRITE;
/*!40000 ALTER TABLE `product_images` DISABLE KEYS */;
INSERT INTO `product_images` VALUES (6,2,'/PTiTShop/themes/images/iphone6gold_1.jpg'),(7,2,'/PTiTShop/themes/images/iphone6gold_2.jpg'),(8,2,'/PTiTShop/themes/images/iphone6gold_3.jpg'),(9,2,'/PTiTShop/themes/images/iphone6gold_4.jpg'),(10,3,'/PTiTShop/themes/images/sonyXZ_1.jpg'),(11,3,'/PTiTShop/themes/images/sonyXZ_2.jpg'),(12,3,'/PTiTShop/themes/images/sonyXZ_3.jpg'),(13,3,'/PTiTShop/themes/images/sonyXZ_4.jpg'),(14,4,'/PTiTShop/themes/images/iphone7_256G_1.jpg'),(15,4,'/PTiTShop/themes/images/iphone7_256G_2.jpg'),(16,4,'/PTiTShop/themes/images/iphone7_256G_3.jpg'),(17,5,'/PTiTShop/themes/images/oppof3_1.jpg'),(18,5,'/PTiTShop/themes/images/oppof3_2.jpg'),(19,5,'/PTiTShop/themes/images/oppof3_3.jpg'),(20,6,'/PTiTShop/themes/images/macbookpro15_1.jpg'),(21,6,'/PTiTShop/themes/images/macbookpro15_2.jpg'),(22,6,'/PTiTShop/themes/images/macbookpro15_3.jpg'),(23,7,'/PTiTShop/themes/images/dellN3567-i5-7200U-1.png'),(24,8,'/PTiTShop/themes/images/asusGL720-BA235_1.jpg'),(25,9,'/PTiTShop/themes/images/hpenvy_1.jpg'),(26,9,'/PTiTShop/themes/images/hpenvy_2.jpg'),(27,9,'/PTiTShop/themes/images/hpenvy_3.jpg'),(28,10,'/PTiTShop/themes/images/macbook13_1.jpg\r'),(29,10,'/PTiTShop/themes/images/macbook13_2.jpg\r'),(30,10,'/PTiTShop/themes/images/macbook13_3.jpg\r'),(64,11,'/PTiTShop/uploads/2017/2017-10-25-17-45-44-huawei-gr5-2017-pro-300-300x300.jpg\r'),(65,12,'/PTiTShop/uploads/2017/2017-10-25-18-19-21-huawei-gr5-2017-pro-300-300x300.jpg\r'),(66,12,'/PTiTShop/uploads/2017/2017-10-25-18-19-21-huawei-gr5-2017-pro-300-300x300.jpg\r'),(76,14,'/PTiTShop/uploads/2017/2017-10-25-20-26-8-636372640991051108_2.jpg\r'),(77,14,'/PTiTShop/uploads/2017/2017-10-25-20-26-8-636372640927402700_1.jpg\r'),(78,13,'/PTiTShop/uploads/2017/2017-10-25-20-51-2-636323434160063629_800-5.jpg\r'),(79,13,'/PTiTShop/uploads/2017/2017-10-25-20-51-2-636323433139744874_800-2---Copy.jpg\r'),(80,13,'/PTiTShop/uploads/2017/2017-10-25-20-51-2-636397932144146861_800.jpg\r'),(81,15,'/PTiTShop/uploads/2017/2017-10-25-21-0-12-636130794134933270_635875222238971640_ipad-mini-4-4G-Gold-4.jpg\r'),(82,15,'/PTiTShop/uploads/2017/2017-10-25-21-0-12-636130793978307262_635875222241468552_ipad-mini-4-4G-Gold-5.jpg\r'),(83,15,'/PTiTShop/uploads/2017/2017-10-25-21-0-12-636130794133529252_635875222236942899_ipad-mini-4-4G-Gold-3.jpg\r'),(84,16,'/PTiTShop/uploads/2017/2017-10-25-21-2-59-636259592941458936_800wifi.jpg\r'),(85,16,'/PTiTShop/uploads/2017/2017-10-25-21-2-59-636259595223582936_800ngang.jpg\r'),(86,16,'/PTiTShop/uploads/2017/2017-10-25-21-2-59-636259595075694936_800wifilung.jpg\r'),(87,17,'/PTiTShop/uploads/2017/2017-10-25-21-4-7-636130793978307262_635875222241468552_ipad-mini-4-4G-Gold-5.jpg\r'),(88,17,'/PTiTShop/uploads/2017/2017-10-25-21-4-7-636130794134933270_635875222238971640_ipad-mini-4-4G-Gold-4.jpg\r'),(89,17,'/PTiTShop/uploads/2017/2017-10-25-21-4-7-636259595223582936_800ngang.jpg\r'),(90,18,'/PTiTShop/uploads/2017/2017-10-25-21-7-47-635854282360032082_tab-s2-white-3.jpg\r'),(91,18,'/PTiTShop/uploads/2017/2017-10-25-21-7-47-635854282361904982_tab-s2-white-4.jpg\r'),(92,18,'/PTiTShop/uploads/2017/2017-10-25-21-7-47-635854282356910582_tab-s2-white-1.jpg\r'),(93,18,'/PTiTShop/uploads/2017/2017-10-25-21-7-47-635854282358627407_tab-s2-white-2.jpg\r'),(94,19,'/PTiTShop/uploads/2017/2017-10-25-21-9-54-635956204052719848_t285-trang-1.jpg\r'),(95,19,'/PTiTShop/uploads/2017/2017-10-25-21-9-54-635956212406029782_t285-trang-2.jpg\r'),(96,19,'/PTiTShop/uploads/2017/2017-10-25-21-9-54-635956212509759807_t285-trang-5.jpg\r'),(103,20,'/PTiTShop/uploads/2017/2017-10-25-21-14-41-636174214918582367_HAPK-CAP-MICRO-USB-ROCK-1M-NHUA-CHONG-ROI-00304401-(1).JPG\r'),(104,20,'/PTiTShop/uploads/2017/2017-10-25-21-14-41-636174214918912400_HAPK-CAP-MICRO-USB-ROCK-1M-NHUA-CHONG-ROI-00304401-(3).JPG\r'),(105,20,'/PTiTShop/uploads/2017/2017-10-25-21-14-41-636174214918642373_HAPK-CAP-MICRO-USB-ROCK-1M-NHUA-CHONG-ROI-00304401-(2).JPG\r'),(106,21,'/PTiTShop/uploads/2017/2017-10-25-21-32-21-636253403934208997_HMPK-THE-NHO-MICROSD-ADATA-16GB-01.jpg\r'),(116,22,'/PTiTShop/uploads/2017/2017-10-25-22-0-8-636270049103958000_HAPK-CHUOT-BLUETOOTH-MICROSOFT-3600-262033-(1).JPG\r'),(117,22,'/PTiTShop/uploads/2017/2017-10-25-22-0-8-636270049113006000_HAPK-CHUOT-BLUETOOTH-MICROSOFT-3600-262033-(5).JPG\r'),(118,22,'/PTiTShop/uploads/2017/2017-10-25-22-0-8-636270049109106000_HAPK-CHUOT-BLUETOOTH-MICROSOFT-3600-262033-(6).JPG\r'),(124,1,'/PTiTShop/themes/images/samsungj7_1.jpg\r'),(125,1,'/PTiTShop/themes/images/samsungj7_2.jpg\r'),(126,1,'/PTiTShop/themes/images/samsungj7_3.jpg\r'),(127,1,'/PTiTShop/themes/images/samsungj7_4.jpg\r'),(128,1,'/PTiTShop/themes/images/samsungj7_5.jpg\r');
/*!40000 ALTER TABLE `product_images` ENABLE KEYS */;
UNLOCK TABLES;

--
-- Table structure for table `product_promotions`
--

DROP TABLE IF EXISTS `product_promotions`;
/*!40101 SET @saved_cs_client     = @@character_set_client */;
/*!40101 SET character_set_client = utf8 */;
CREATE TABLE `product_promotions` (
  `product_id` int(11) NOT NULL,
  `promotion_id` int(11) NOT NULL,
  PRIMARY KEY (`product_id`,`promotion_id`),
  KEY `ibfk_promotions` (`promotion_id`),
  CONSTRAINT `ibfk_products` FOREIGN KEY (`product_id`) REFERENCES `products` (`id`),
  CONSTRAINT `ibfk_promotions` FOREIGN KEY (`promotion_id`) REFERENCES `promotions` (`id`)
) ENGINE=InnoDB DEFAULT CHARSET=utf8 COLLATE=utf8_unicode_ci;
/*!40101 SET character_set_client = @saved_cs_client */;

--
-- Dumping data for table `product_promotions`
--

LOCK TABLES `product_promotions` WRITE;
/*!40000 ALTER TABLE `product_promotions` DISABLE KEYS */;
INSERT INTO `product_promotions` VALUES (11,1),(12,1),(13,1),(14,1),(15,1),(16,1),(17,1),(18,1),(19,1),(20,1),(21,1),(22,1),(11,2),(12,2),(13,2),(14,2),(15,2),(16,2),(17,2),(18,2),(19,2),(15,3),(16,3),(17,3),(18,3),(19,3);
/*!40000 ALTER TABLE `product_promotions` ENABLE KEYS */;
UNLOCK TABLES;

--
-- Table structure for table `products`
--

DROP TABLE IF EXISTS `products`;
/*!40101 SET @saved_cs_client     = @@character_set_client */;
/*!40101 SET character_set_client = utf8 */;
CREATE TABLE `products` (
  `id` int(11) NOT NULL AUTO_INCREMENT,
  `product_detail_id` int(11) NOT NULL,
  `name` varchar(255) COLLATE utf8_unicode_ci NOT NULL,
  `image` varchar(255) COLLATE utf8_unicode_ci NOT NULL,
  `overview` text COLLATE utf8_unicode_ci NOT NULL,
  `price` double NOT NULL,
  `sale_price` double NOT NULL,
  `created_at` datetime NOT NULL,
  `rank` int(11) NOT NULL,
  `views` int(11) NOT NULL,
  `category_id` int(11) NOT NULL,
  `brand_id` int(11) NOT NULL,
  `status` tinyint(5) NOT NULL,
  PRIMARY KEY (`id`),
  KEY `products_ibfk_categories` (`category_id`),
  KEY `products_ibfk_brands` (`brand_id`),
  KEY `products_ibfk_details_idx` (`product_detail_id`),
  CONSTRAINT `products_ibfk_brands` FOREIGN KEY (`brand_id`) REFERENCES `brands` (`id`),
  CONSTRAINT `products_ibfk_categories` FOREIGN KEY (`category_id`) REFERENCES `categories` (`id`),
  CONSTRAINT `products_ibfk_details` FOREIGN KEY (`product_detail_id`) REFERENCES `product_details` (`id`) ON DELETE NO ACTION ON UPDATE NO ACTION
) ENGINE=InnoDB AUTO_INCREMENT=23 DEFAULT CHARSET=utf8 COLLATE=utf8_unicode_ci;
/*!40101 SET character_set_client = @saved_cs_client */;

--
-- Dumping data for table `products`
--

LOCK TABLES `products` WRITE;
/*!40000 ALTER TABLE `products` DISABLE KEYS */;
INSERT INTO `products` VALUES (1,1,'Samsung Galaxy J7 Pro','/PTiTShop/themes/images/samsungj7_1.jpg\r','<span>Màn hình:5.5 inch (1920 x 1080 pixels)</span><span>Camera:Chính: 13.0 MP, Phụ: 13.0 MP</span><span>RAM:3 GB</span><span>Bộ nhớ trong:32 GB</span><span>Hệ điều hành :Android 7.0 Nougat</span><span>CPU:Octa-core 1.6 GHz</span><span>Kích thước :152.4 x 74.7 x 7.9 mm</span>',6999000,6599000,'2017-09-16 20:36:34',0,2,1,2,1),(2,2,'iPhone 6 32GB (2017) ','/PTiTShop/themes/images/iphone6gold_1.jpg','<span>Màn hình:4.7 inch (1334 x 750 pixels)</span><span>Camera ::Chính: 8.0 MP, Phụ: 1.2 MP</span><span>RAM ::1 GB</span><span>Bộ nhớ trong ::32 GB</span><span>Hệ điều hành:iOS</span><span>Chipset :Apple A8 2 nhân 64-bit</span>',8999000,8899000,'2017-09-16 22:21:37',0,0,1,1,1),(3,3,'Sony Xperia XZ Premium','/PTiTShop/themes/images/sonyXZ_1.jpg','<span>Màn hình ::	5.5 inch ( 3840 x 2160 pixels)</span><span>Camera ::	Chính: 19.0 MP, Phụ: 13.0 MP</span><span>RAM ::	4 GB</span><span>Bộ nhớ trong:	UFS 64 GB</span><span>Hệ điều hành ::	Android OS, v7.1 (Nougat)</span><span>Chipset :	Qualcomm Snapdragon 835</span><span>Kích thước :156 x 77 x 7.9 mm</span>',18490000,18000000,'2017-09-16 22:36:09',0,2,1,3,1),(4,4,'iPhone 7 256G','/PTiTShop/themes/images/iphone7_256G_1.jpg','<span>Màn hình ::	4.7 inch (1334 x 750 pixels)</span><span>Camera ::	Chính: 12.0 MP, Phụ: 7.0 MP</span><span>RAM ::	2 GB</span>',20999000,20000000,'2017-09-16 22:46:11',0,0,1,1,1),(5,5,'OPPO F3','/PTiTShop/themes/images/oppof3_1.jpg','<span>Màn hình :5.5 inch (1920 x 1080 pixels)</span><span>Camera :Chính: 13.0 MP, Phụ: Dual 16.0 MP + 8.0 MP</span><span>RAM :4 GB</span>',6999000,6599000,'2017-09-16 22:53:44',0,0,1,5,1),(6,6,'Macbook Pro 15 inch ','/PTiTShop/themes/images/macbookpro15_1.jpg','<span>CPU ::	Intel, Core i7</span><span>RAM ::	16 GB, LPDDR3</span><span>Ổ cứng ::	SSD, 512 GB</span>',69999000,65999000,'2017-09-16 23:00:21',0,0,3,1,1),(7,7,'Dell Inspiron N3567','/PTiTShop/themes/images/dellN3567-i5-7200U-1.png','<span>CPU ::	Intel, Core i5</span><span>RAM ::	4 GB, DDR4</span><span>Ổ cứng ::	HDD, 500 GB</span><span>Màn hình ::	15.6 inch , 1366 x 768 pixels</span><span>Card màn hình:	AMD Radeon Graphics, Card rời</span>',15090000,14999000,'2017-09-16 23:04:42',0,0,3,7,1),(8,8,'Asus GL702VM-BA235','/PTiTShop/themes/images/asusGL720-BA235_1.jpg','<span>CPU ::	Intel, Core i7</span><span>RAM ::	16 GB, DDR4</span><span>Ổ cứng ::	HDD + SSD, 1 TB + 256 GB</span><span>Màn hình ::	17.3 inch, 1920 x 1080 pixels</span><span>Card màn hình ::	NVIDIA GeForce GTX1060, Card rời</span>',41999000,40590000,'2017-09-16 23:07:58',0,0,3,6,1),(9,9,'HP Envy 13-ad074TU ','/PTiTShop/themes/images/hpenvy_1.jpg','<span>CPU:Intel Core i7</span><span>Loại CPU:7500U</span><span>Tốc độ CPU: 2.70 GHz</span>',25999000,24999000,'2017-09-16 23:14:45',0,1,3,8,1),(10,10,'Macbook Pro 13 inch 128GB','/PTiTShop/themes/images/macbook13_1.jpg\r','<span>CPU :Intel, Core i5</span><span>RAM :8 GB, LPDDR3</span><span>Ổ cứng:SSD, 128 GB</span><span>Màn hình :13.3 inch, 2560 x 1600 pixels</span>',33999000,30999000,'2017-09-16 23:18:43',0,0,3,1,1),(11,11,'HUAWEI GR5 2017 PRO','/PTiTShop/uploads/2017/2017-10-25-17-45-44-huawei-gr5-2017-pro-300-300x300.jpg\r','<span>Công nghệ màn hình:IPS LCD</span><span>Độ phân giải:Full HD (1080 x 1920 pixels)</span><span>Màn hình rộng:5.5\"</span><span>Mặt kính cảm ứng:Kính chống xước</span>',5990000,5890000,'2017-10-25 17:51:14',0,5,1,10,1),(12,12,'Huawei Y7 Prime','/PTiTShop/uploads/2017/2017-10-25-18-19-21-huawei-gr5-2017-pro-300-300x300.jpg\r','<span>Công nghệ màn hình:IPS LCD</span><span>Công nghệ màn hình:HD (720 x 1280 pixels)</span><span>Màn hình rộng:5.5\"</span><span>Mặt kính cảm ứng:Kính thường</span>',5990000,5490000,'2017-10-25 18:19:26',0,2,1,10,1),(13,13,'Sony Xperia XZ Premium','/PTiTShop/uploads/2017/2017-10-25-20-51-2-636323434160063629_800-5.jpg\r','<span>Công nghệ cảm ứng:	Cảm ứng điện dung, đa điểm</span><span>Màu màn hình:	16 Triệu màu</span><span>Công nghệ màn hình :	TRILUMINOS™</span><span>Độ phân giải màn hình:	3840 x 2160 pixels</span><span>Chuẩn màn hình:	4K HDR</span>',17990000,16990000,'2017-10-25 18:31:15',0,4,1,3,1),(14,14,'Samsung Galaxy Note 8','/PTiTShop/uploads/2017/2017-10-25-20-26-8-636372640991051108_2.jpg\r','<span>Công nghệ màn hình:	Super AMOLED</span><span>Màu màn hình:	16 Triệu màu</span><span>Chuẩn màn hình :	2K</span><span>Độ phân giải màn hình :	2960 x 1440 pixels</span>',22490000,21490000,'2017-10-25 18:39:42',0,8,1,1,1),(15,15,'iPad Mini 4 Wi-Fi 4G 128GB','/PTiTShop/uploads/2017/2017-10-25-21-0-12-636130794134933270_635875222238971640_ipad-mini-4-4G-Gold-4.jpg\r','<span>Kích thước màn hình:	7.9 inch</span><span>Độ phân giải:	2048 x 1536 pixels</span><span>Công nghệ màn hình:	Rentina</span><span>Màu màn hình:	16 triệu màu</span>',13999000,12999000,'2017-10-25 21:00:17',0,0,2,1,1),(16,16,'iPad Wi-Fi 128GB','/PTiTShop/uploads/2017/2017-10-25-21-2-59-636259592941458936_800wifi.jpg\r','<span>Kích thước màn hình:	7.9 inch</span><span>Độ phân giải:	2048 x 1536 pixels</span><span>Công nghệ màn hình:	Rentina</span><span>Màu màn hình:	16 triệu màu</span>',10990000,10590000,'2017-10-25 21:03:02',0,0,2,1,1),(17,17,'iPad Wi-Fi 32GB (2017)','/PTiTShop/uploads/2017/2017-10-25-21-4-7-636130793978307262_635875222241468552_ipad-mini-4-4G-Gold-5.jpg\r','<span>Kích thước màn hình:	7.9 inch</span><span>Độ phân giải:	2048 x 1536 pixels</span><span>Công nghệ màn hình:	Rentina</span><span>Màu màn hình:	16 triệu màu</span>',8990000,8690000,'2017-10-25 21:04:57',0,0,2,1,1),(18,18,'Samsung Tab S2 9.7 inch','/PTiTShop/uploads/2017/2017-10-25-21-7-47-635854282360032082_tab-s2-white-3.jpg\r','<span>Kích thước màn hình:	7.9 inch</span><span>Độ phân giải:	2048 x 1536 pixels</span><span>Công nghệ màn hình:	Rentina</span><span>Màu màn hình:	16 triệu màu</span>',11990000,10990000,'2017-10-25 21:07:53',0,0,2,2,1),(19,19,'Samsung Galaxy Tab A 7','/PTiTShop/uploads/2017/2017-10-25-21-9-54-635956204052719848_t285-trang-1.jpg\r','<span>Kích thước màn hình:	7.9 inch</span><span>Độ phân giải:	2048 x 1536 pixels</span><span>Công nghệ màn hình:	Rentina</span><span>Màu màn hình:	16 triệu màu</span>',3590000,3490000,'2017-10-25 21:10:33',0,0,2,2,1),(20,20,'Cáp Micro Usb Rock 1m','/PTiTShop/uploads/2017/2017-10-25-21-14-41-636174214918582367_HAPK-CAP-MICRO-USB-ROCK-1M-NHUA-CHONG-ROI-00304401-(1).JPG\r','<span>Chất liệu:Nhựa chống cháy</span><span>Đặc điểm tính năng nổi bật:Dây cáp chống rối, sạc nhanh, truyền dữ liệu nhanh</span><span>Tính năng:Sạc và truyền dữ liệu</span><span>Cổng cáp kết nối:Micro USB</span><span>Dòng máy tương thích:Thiết bị có cổng kết nối Micro usb</span><span>Thương hiệu:ROCK</span><span>Độ dài dây cáp:1m</span>',85000,80000,'2017-10-25 21:19:46',0,0,5,2,1),(21,21,'Thẻ nhớ MicroSD Adata 16GB','/PTiTShop/uploads/2017/2017-10-25-21-32-21-636253403934208997_HMPK-THE-NHO-MICROSD-ADATA-16GB-01.jpg\r','<span>Dung lượng:16G</span>',250000,245000,'2017-10-25 21:32:25',0,0,5,2,1),(22,22,'Chuột bluetooth Microsoft 3600','/PTiTShop/uploads/2017/2017-10-25-22-0-8-636270049103958000_HAPK-CHUOT-BLUETOOTH-MICROSOFT-3600-262033-(1).JPG\r','<span>Chế độ bảo hành:	12 tháng 1 đổi 1</span><span>Độ bền nút bấm:	5 triệu lần nhấn</span><span>Dòng máy tương thích:Máy tính với Windows XP/Vista/7/8/10; Linus; Mac OS</span>',600000,550000,'2017-10-25 21:35:51',0,0,7,7,1);
/*!40000 ALTER TABLE `products` ENABLE KEYS */;
UNLOCK TABLES;

--
-- Table structure for table `promotions`
--

DROP TABLE IF EXISTS `promotions`;
/*!40101 SET @saved_cs_client     = @@character_set_client */;
/*!40101 SET character_set_client = utf8 */;
CREATE TABLE `promotions` (
  `id` int(11) NOT NULL AUTO_INCREMENT,
  `name` varchar(255) COLLATE utf8_unicode_ci NOT NULL,
  `image` varchar(255) COLLATE utf8_unicode_ci NOT NULL,
  `content` text COLLATE utf8_unicode_ci,
  `start_at` datetime NOT NULL,
  `end_at` datetime NOT NULL,
  `status` tinyint(5) NOT NULL,
  PRIMARY KEY (`id`)
) ENGINE=InnoDB AUTO_INCREMENT=4 DEFAULT CHARSET=utf8 COLLATE=utf8_unicode_ci;
/*!40101 SET character_set_client = @saved_cs_client */;

--
-- Dumping data for table `promotions`
--

LOCK TABLES `promotions` WRITE;
/*!40000 ALTER TABLE `promotions` DISABLE KEYS */;
INSERT INTO `promotions` VALUES (1,'Bão giá mùa hè','/PTiTShop/themes/images/banner-1.png','aaa','2017-08-29 22:20:37','2017-09-28 22:20:39',1),(2,'Mua OPPO trúng thêm quà','/PTiTShop/themes/images/banner-3.png','bbb','2017-08-29 22:22:36','2017-10-13 20:22:39',1),(3,'Mua Sony - Rước quà công nghệ','/PTiTShop/themes/images/banner-2.jpg','a','2017-08-29 22:22:36','2017-10-13 20:22:39',1);
/*!40000 ALTER TABLE `promotions` ENABLE KEYS */;
UNLOCK TABLES;
/*!40103 SET TIME_ZONE=@OLD_TIME_ZONE */;

/*!40101 SET SQL_MODE=@OLD_SQL_MODE */;
/*!40014 SET FOREIGN_KEY_CHECKS=@OLD_FOREIGN_KEY_CHECKS */;
/*!40014 SET UNIQUE_CHECKS=@OLD_UNIQUE_CHECKS */;
/*!40101 SET CHARACTER_SET_CLIENT=@OLD_CHARACTER_SET_CLIENT */;
/*!40101 SET CHARACTER_SET_RESULTS=@OLD_CHARACTER_SET_RESULTS */;
/*!40101 SET COLLATION_CONNECTION=@OLD_COLLATION_CONNECTION */;
/*!40111 SET SQL_NOTES=@OLD_SQL_NOTES */;

-- Dump completed on 2017-10-30  7:10:21
